timestamp,drone_id,latitude,longitude,altitude,battery_voltage,vibration,temperature,humidity,airspeed,yaw,pitch,roll
2026-06-26T10:00:00,DRONE-05,39.99371,-74.006047,267.3,13.41,11.42,10.5,47.4,15.3,358.5,-1.6,-1.3
2026-06-26T10:00:05,DRONE-01,39.994614,-74.000971,167.1,20.17,6.26,29.6,64.6,12.0,277.0,-7.2,-7.0
2026-06-26T10:00:10,DRONE-03,40.024904,-73.997387,95.4,17.87,5.28,32.7,51.0,14.1,310.4,-7.2,2.5
2026-06-26T10:00:15,DRONE-02,40.007989,-73.997933,129.6,16.7,6.69,24.2,43.5,15.4,329.8,8.7,-5.0
2026-06-26T10:00:20,DRONE-01,39.990161,-74.011027,113.3,17.17,5.63,25.9,64.8,13.9,320.5,0.3,-0.2
2026-06-26T10:00:25,DRONE-04,40.012144,-74.000649,135.4,17.46,4.89,19.9,48.6,10.7,129.3,-4.5,4.6
2026-06-26T10:00:30,DRONE-04,40.001891,-74.005123,171.1,18.33,2.58,14.8,63.4,9.8,69.1,7.7,1.9
2026-06-26T10:00:35,DRONE-05,39.999086,-73.979591,135.2,20.12,2.63,18.9,45.2,6.1,257.0,1.1,0.8
2026-06-26T10:00:40,DRONE-05,39.996504,-74.007787,170.2,19.45,0.54,23.4,59.9,12.2,275.5,-4.1,2.3
2026-06-26T10:00:45,DRONE-04,39.99686,-73.999861,124.5,17.56,6.92,10.3,75.9,14.9,133.8,3.7,4.6
2026-06-26T10:00:50,DRONE-05,40.005982,-74.002614,122.5,16.8,3.91,24.2,49.7,8.7,90.8,11.0,2.3
2026-06-26T10:00:55,DRONE-05,40.002307,-74.014876,82.2,20.98,4.01,19.0,62.7,5.9,57.9,-4.9,2.8
2026-06-26T10:01:00,DRONE-01,40.016201,-74.008993,80.0,18.33,5.71,17.0,48.4,5.0,278.9,5.2,0.9
2026-06-26T10:01:05,DRONE-05,40.003841,-74.024165,145.6,20.03,3.32,20.5,64.9,9.4,151.3,-0.1,1.3
2026-06-26T10:01:10,DRONE-04,40.013377,-74.008663,129.8,17.8,2.98,24.5,57.2,5.1,105.1,-6.7,-2.2
2026-06-26T10:01:15,DRONE-03,39.987452,-74.003789,132.8,18.77,3.52,21.8,55.4,13.1,261.0,-0.2,-3.7
2026-06-26T10:01:20,DRONE-04,39.996296,-74.010107,111.1,20.71,2.96,18.6,81.6,19.0,195.9,0.3,-0.2
2026-06-26T10:01:25,DRONE-01,40.008953,-74.011981,88.1,17.42,1.51,20.6,56.1,4.6,42.2,2.1,-1.7
2026-06-26T10:01:30,DRONE-01,39.999814,-74.0031,106.7,20.68,3.25,21.9,54.3,7.6,353.3,-4.6,8.6
2026-06-26T10:01:35,DRONE-05,39.999824,-73.997185,121.4,15.02,5.07,14.6,39.3,13.2,235.8,-4.8,7.1
2026-06-26T10:01:40,DRONE-05,40.010589,-73.998254,171.3,17.85,1.6,23.2,58.7,16.8,135.3,2.1,3.7
2026-06-26T10:01:45,DRONE-02,39.989216,-73.993808,73.2,20.06,4.38,7.3,55.3,10.9,147.9,3.9,0.4
2026-06-26T10:01:50,DRONE-01,39.993214,-74.002547,180.2,18.43,3.1,17.1,70.2,15.1,93.5,-2.0,4.4
2026-06-26T10:01:55,DRONE-05,39.996919,-73.997098,103.3,19.09,1.75,18.9,67.7,8.6,312.5,-4.6,0.7
2026-06-26T10:02:00,DRONE-03,40.012723,-74.00807,145.7,17.47,3.21,25.4,51.6,16.7,217.7,-4.8,-0.2
2026-06-26T10:02:05,DRONE-03,39.980557,-74.001463,135.9,19.55,0.73,20.6,57.4,8.2,352.1,0.8,-3.4
2026-06-26T10:02:10,DRONE-02,39.998352,-73.988837,91.0,20.16,3.21,19.9,69.4,8.5,215.9,5.0,3.6
2026-06-26T10:02:15,DRONE-05,40.002423,-74.012007,90.7,18.37,0.81,10.3,36.0,13.9,160.7,-4.2,5.2
2026-06-26T10:02:20,DRONE-05,39.988508,-74.009831,139.9,18.34,3.13,19.9,74.9,20.5,356.8,-0.1,-2.5
2026-06-26T10:02:25,DRONE-04,40.005694,-74.005915,145.7,18.37,2.92,21.0,49.2,10.8,277.6,-2.8,3.1
2026-06-26T10:02:30,DRONE-03,40.012615,-73.988613,102.3,18.99,3.33,18.0,46.2,12.4,85.0,-2.6,5.8
2026-06-26T10:02:35,DRONE-02,39.974542,-73.993633,83.9,17.66,3.3,16.3,29.3,10.3,314.7,0.9,-0.1
2026-06-26T10:02:40,DRONE-03,39.980072,-74.008495,136.9,18.6,0.2,19.4,45.7,3.5,206.1,8.8,1.1
2026-06-26T10:02:45,DRONE-01,39.9981,-74.00495,93.1,18.61,2.77,27.1,63.6,9.9,343.7,-3.8,-4.4
2026-06-26T10:02:50,DRONE-02,40.001686,-73.989806,101.1,17.41,3.93,20.4,41.1,14.6,79.0,10.8,3.7
2026-06-26T10:02:55,DRONE-03,39.991052,-74.009339,93.1,15.15,2.05,20.7,38.3,10.6,219.9,-4.6,2.6
2026-06-26T10:03:00,DRONE-04,40.013699,-74.001773,43.0,18.06,4.47,20.2,49.3,14.0,40.0,-2.1,5.3
2026-06-26T10:03:05,DRONE-04,40.018956,-73.998918,162.9,17.22,2.07,16.6,60.3,7.9,132.4,-3.2,-0.8
2026-06-26T10:03:10,DRONE-02,39.990652,-74.000411,106.1,20.71,0.42,20.1,66.2,21.6,234.1,-0.4,-5.2
2026-06-26T10:03:15,DRONE-01,40.009281,-73.997394,90.1,16.13,3.92,17.0,64.4,12.4,188.8,2.0,4.8
2026-06-26T10:03:20,DRONE-04,40.000531,-74.006264,154.7,17.72,6.25,17.7,54.9,10.6,189.5,1.6,3.2
2026-06-26T10:03:25,DRONE-05,40.00107,-74.014956,117.0,19.11,3.59,22.1,49.0,12.1,201.8,10.3,-2.3
2026-06-26T10:03:30,DRONE-05,40.0034,-74.01546,97.3,18.73,1.46,15.9,56.7,17.6,152.5,5.0,-6.4
2026-06-26T10:03:35,DRONE-02,40.0077,-73.988538,104.6,18.77,4.32,9.4,41.8,15.1,222.4,-4.7,0.8
2026-06-26T10:03:40,DRONE-01,40.004564,-73.993458,165.0,19.44,2.75,20.0,56.6,6.8,358.4,-1.4,8.5
2026-06-26T10:03:45,DRONE-04,39.991489,-73.990944,94.1,19.07,6.22,21.3,53.5,4.3,349.9,3.7,-4.3
2026-06-26T10:03:50,DRONE-02,39.993402,-73.991345,130.2,19.8,7.58,30.8,53.5,17.8,259.8,5.0,11.1
2026-06-26T10:03:55,DRONE-02,40.001934,-74.008551,158.6,19.43,4.17,23.5,66.5,11.2,298.1,-10.6,-1.4
2026-06-26T10:04:00,DRONE-01,39.997677,-73.995931,141.5,18.51,4.78,21.4,54.6,17.0,153.7,1.3,-6.0
2026-06-26T10:04:05,DRONE-04,40.007323,-73.999849,100.8,18.41,3.31,26.5,65.9,12.5,205.4,-1.8,-7.2
2026-06-26T10:04:10,DRONE-05,39.994469,-73.996199,88.1,20.31,4.14,26.9,61.9,14.5,269.5,0.3,5.8
2026-06-26T10:04:15,DRONE-04,40.008612,-73.996329,83.1,19.48,2.39,19.5,46.3,14.5,217.9,-1.5,0.0
2026-06-26T10:04:20,DRONE-01,40.007659,-74.007953,100.3,16.62,1.81,31.6,38.3,13.2,197.6,11.8,0.5
2026-06-26T10:04:25,DRONE-05,40.000178,-74.013448,98.8,17.31,1.21,22.2,51.9,17.1,199.5,4.2,0.3
2026-06-26T10:04:30,DRONE-01,39.995242,-73.994705,130.7,16.98,1.49,18.0,52.2,13.5,31.5,7.0,-4.3
2026-06-26T10:04:35,DRONE-01,39.994533,-74.017852,90.5,17.87,2.22,25.1,62.9,11.2,85.7,13.4,3.4
2026-06-26T10:04:40,DRONE-04,40.011695,-73.992294,138.9,18.74,5.4,15.6,54.3,13.4,181.5,-4.0,-0.8
2026-06-26T10:04:45,DRONE-04,40.013141,-74.012224,129.5,17.78,2.92,25.1,66.4,8.1,317.4,6.4,-3.9
2026-06-26T10:04:50,DRONE-05,40.002327,-73.99045,139.2,19.18,3.0,27.9,46.7,5.6,164.8,-0.3,-1.2
2026-06-26T10:04:55,DRONE-01,39.982748,-73.996637,112.0,20.39,4.56,28.7,62.1,14.4,64.9,5.5,-3.5
2026-06-26T10:05:00,DRONE-04,39.994047,-74.000073,122.8,18.35,4.18,22.1,50.9,6.7,268.9,1.1,-1.6
2026-06-26T10:05:05,DRONE-05,39.995026,-73.993956,161.6,18.84,10.24,15.4,71.9,9.9,13.3,-2.8,-4.8
2026-06-26T10:05:10,DRONE-04,39.994101,-73.989674,94.1,18.52,0.2,23.0,39.2,7.8,26.0,-0.7,-3.3
2026-06-26T10:05:15,DRONE-01,40.006775,-73.995472,80.2,20.11,1.46,21.1,49.1,12.4,317.6,0.6,-7.2
2026-06-26T10:05:20,DRONE-03,40.008047,-74.003585,109.1,19.35,3.11,17.6,39.9,21.6,325.3,7.6,2.0
2026-06-26T10:05:25,DRONE-02,40.001589,-74.014004,106.6,18.24,6.69,19.8,60.2,10.3,49.9,-4.2,10.7
2026-06-26T10:05:30,DRONE-01,40.001365,-73.981187,149.3,20.51,5.46,21.2,56.5,8.3,251.5,-5.3,2.4
2026-06-26T10:05:35,DRONE-01,40.003801,-73.991501,123.2,18.67,5.82,20.1,43.1,17.1,129.2,-4.5,6.2
2026-06-26T10:05:40,DRONE-03,40.01704,-74.003527,100.9,17.58,1.56,15.5,48.9,5.5,317.2,-0.4,-3.6
2026-06-26T10:05:45,DRONE-02,40.00624,-74.018344,143.8,17.91,4.23,16.4,41.2,13.6,217.7,-1.3,8.1
2026-06-26T10:05:50,DRONE-02,39.996306,-73.987856,130.9,20.5,2.0,25.9,74.3,20.7,191.4,-0.1,1.3
2026-06-26T10:05:55,DRONE-01,40.002955,-74.00536,130.4,17.37,2.74,22.6,52.7,14.6,192.6,0.5,-6.2
2026-06-26T10:06:00,DRONE-03,39.992483,-73.990686,132.1,18.64,2.94,30.9,38.7,20.2,306.1,1.4,2.0
2026-06-26T10:06:05,DRONE-04,39.99802,-74.012762,150.2,19.82,0.2,20.1,46.5,9.5,352.3,5.6,5.2
2026-06-26T10:06:10,DRONE-01,39.994814,-74.008609,127.4,19.81,1.34,24.5,38.4,19.9,18.6,-4.4,8.3
2026-06-26T10:06:15,DRONE-03,40.012958,-73.974341,148.5,19.07,0.45,21.8,38.0,6.7,354.1,-3.9,9.0
2026-06-26T10:06:20,DRONE-02,39.997234,-73.997588,138.2,18.61,6.55,23.4,60.8,8.2,277.0,-4.2,2.3
2026-06-26T10:06:25,DRONE-04,40.023232,-73.992559,108.6,18.69,2.64,16.7,39.3,11.8,110.5,4.2,-6.8
2026-06-26T10:06:30,DRONE-02,40.017338,-73.987608,97.9,17.63,4.57,32.2,64.0,5.5,359.6,-2.4,-2.6
2026-06-26T10:06:35,DRONE-01,39.985412,-73.987246,78.3,18.32,3.36,20.5,55.4,13.8,283.7,1.6,-5.1
2026-06-26T10:06:40,DRONE-04,40.00448,-73.978344,140.7,17.25,4.19,21.7,71.6,0,355.1,3.0,-7.9
2026-06-26T10:06:45,DRONE-05,39.989424,-74.004545,145.3,18.46,2.26,24.0,54.2,11.7,273.4,-1.9,-0.3
2026-06-26T10:06:50,DRONE-01,40.004669,-74.005302,144.1,18.5,7.31,14.1,66.1,8.7,139.6,0.1,-4.1
2026-06-26T10:06:55,DRONE-05,40.014908,-73.991908,117.8,11.8,4.69,13.2,63.6,13.1,228.2,-0.7,2.9
2026-06-26T10:07:00,DRONE-05,40.018023,-73.999648,87.8,18.09,3.58,21.4,47.5,9.2,305.8,4.9,-7.9
2026-06-26T10:07:05,DRONE-05,39.989583,-73.991719,149.9,19.8,4.17,29.2,47.8,11.9,26.8,-1.9,5.9
2026-06-26T10:07:10,DRONE-03,40.008564,-73.999828,106.6,18.58,3.63,23.6,32.7,5.4,97.3,6.7,8.7
2026-06-26T10:07:15,DRONE-01,39.983071,-73.991793,149.7,16.2,2.36,18.1,54.1,14.4,14.5,0.6,0.5
2026-06-26T10:07:20,DRONE-04,40.002959,-73.98436,129.2,18.59,2.81,22.1,58.5,7.6,83.8,2.0,-7.1
2026-06-26T10:07:25,DRONE-01,39.989178,-74.002212,94.4,17.31,1.62,18.6,40.6,10.2,334.1,0.7,-8.9
2026-06-26T10:07:30,DRONE-02,40.00398,-74.009828,123.5,19.07,1.47,29.8,45.6,16.4,280.6,-2.4,3.9
2026-06-26T10:07:35,DRONE-03,40.007279,-73.999785,98.0,19.55,4.53,15.5,68.9,11.6,158.6,2.4,6.4
2026-06-26T10:07:40,DRONE-05,40.002092,-74.012596,135.2,17.48,3.61,22.1,52.6,7.2,172.9,-2.6,2.6
2026-06-26T10:07:45,DRONE-03,39.989789,-74.007436,123.5,20.83,2.36,10.1,51.3,10.6,105.4,-10.5,6.8
2026-06-26T10:07:50,DRONE-04,39.989064,-73.989338,91.6,16.06,3.11,16.0,60.6,14.8,23.1,1.5,4.6
2026-06-26T10:07:55,DRONE-01,40.001496,-74.005388,149.6,19.82,3.86,12.1,58.9,7.7,346.0,2.8,3.6
2026-06-26T10:08:00,DRONE-04,40.007012,-74.010153,82.3,17.99,3.85,21.1,60.9,17.9,103.9,2.5,5.4
2026-06-26T10:08:05,DRONE-04,40.006323,-73.983029,268.8,16.72,3.24,29.0,52.0,16.2,37.6,12.2,2.9
2026-06-26T10:08:10,DRONE-04,39.990466,-73.994965,154.2,19.21,3.68,6.6,25.9,11.7,4.4,-3.2,3.2
2026-06-26T10:08:15,DRONE-01,39.995199,-74.011642,168.7,17.81,4.17,25.0,53.3,13.7,76.1,4.6,2.6
2026-06-26T10:08:20,DRONE-03,40.003284,-74.001878,152.7,18.28,5.47,21.6,48.5,15.0,125.9,5.6,5.6
2026-06-26T10:08:25,DRONE-05,39.976365,-74.020956,105.5,19.37,4.48,24.7,46.4,6.5,354.2,-0.8,10.8
2026-06-26T10:08:30,DRONE-04,40.002919,-73.990975,105.4,19.99,2.9,21.4,65.1,13.7,205.6,0.9,-1.3
2026-06-26T10:08:35,DRONE-05,40.003989,-73.98645,92.0,17.04,4.13,21.9,54.1,10.4,158.1,-17.9,-1.9
2026-06-26T10:08:40,DRONE-01,40.004906,-73.989693,125.0,18.66,2.81,13.1,65.5,8.7,294.0,7.4,-1.1
2026-06-26T10:08:45,DRONE-05,39.99736,-74.004817,111.9,18.99,0.25,22.0,49.8,14.3,99.3,-4.2,1.6
2026-06-26T10:08:50,DRONE-04,40.008271,-73.994247,98.6,16.57,2.72,15.8,41.8,12.2,260.9,4.7,-5.3
2026-06-26T10:08:55,DRONE-02,40.011833,-73.997622,129.5,19.19,3.1,23.1,56.0,17.9,321.4,-2.3,7.5
2026-06-26T10:09:00,DRONE-03,39.994832,-73.996649,162.6,17.49,6.23,28.6,49.9,8.8,213.2,7.6,2.1
2026-06-26T10:09:05,DRONE-05,40.014583,-73.99946,93.3,18.26,6.34,24.0,72.9,10.5,69.2,-5.9,-1.8
2026-06-26T10:09:10,DRONE-02,39.989915,-74.012046,102.0,18.86,4.27,13.5,62.2,15.4,297.9,3.1,-2.6
2026-06-26T10:09:15,DRONE-02,39.992193,-73.99413,116.1,18.0,3.92,19.6,51.5,11.0,47.1,0.7,4.3
2026-06-26T10:09:20,DRONE-03,39.989722,-74.012346,149.9,16.92,2.03,23.8,48.6,15.9,230.0,5.9,5.2
2026-06-26T10:09:25,DRONE-05,39.998525,-74.006873,140.9,18.81,2.71,23.3,65.8,13.0,210.6,-5.3,-0.6
2026-06-26T10:09:30,DRONE-02,39.993874,-73.990061,123.0,16.88,0.91,21.1,53.4,7.3,33.8,13.1,-3.9
2026-06-26T10:09:35,DRONE-05,40.013565,-73.994326,145.2,18.53,4.2,23.9,51.8,20.7,359.5,-4.3,2.4
2026-06-26T10:09:40,DRONE-04,40.020668,-74.005139,79.6,17.35,4.26,20.7,71.8,7.8,171.6,3.8,2.1
2026-06-26T10:09:45,DRONE-01,40.007031,-74.025446,127.6,18.34,3.21,16.2,61.9,12.3,275.3,3.6,2.6
2026-06-26T10:09:50,DRONE-05,40.007413,-73.992499,127.5,19.01,3.88,25.6,59.3,12.1,229.0,0.9,4.9
2026-06-26T10:09:55,DRONE-01,40.012664,-73.975628,140.3,22.0,4.35,12.0,46.0,6.2,11.2,7.1,2.1
2026-06-26T10:10:00,DRONE-01,39.977755,-73.984197,131.9,17.59,1.55,12.6,49.4,9.4,138.6,2.3,-1.5
2026-06-26T10:10:05,DRONE-01,40.006145,-73.997369,111.7,18.86,1.26,22.4,48.2,15.7,258.6,3.5,3.3
2026-06-26T10:10:10,DRONE-03,40.009677,-73.991586,146.8,17.14,11.03,28.7,44.0,11.8,348.9,2.0,-7.4
2026-06-26T10:10:15,DRONE-05,39.980804,-73.979857,96.5,18.92,6.78,31.5,56.4,11.9,266.9,5.1,-1.9
2026-06-26T10:10:20,DRONE-01,40.007284,-73.996362,121.1,17.89,6.04,17.0,61.6,15.6,282.3,5.0,-1.4
2026-06-26T10:10:25,DRONE-01,39.998454,-73.996379,109.1,20.47,5.77,12.0,73.1,9.3,310.7,1.1,4.0
2026-06-26T10:10:30,DRONE-02,39.993226,-74.001538,123.8,20.12,0.91,15.2,52.1,9.1,314.0,-11.3,-5.9
2026-06-26T10:10:35,DRONE-04,40.009288,-74.00899,96.2,17.33,3.12,19.3,32.9,9.3,67.6,0.3,-11.8
2026-06-26T10:10:40,DRONE-02,40.016788,-73.991879,112.6,19.62,4.04,19.4,52.6,22.3,317.1,-10.0,-0.2
2026-06-26T10:10:45,DRONE-03,40.00313,-74.017701,93.2,17.66,3.2,18.1,52.4,17.1,330.6,-6.7,2.5
2026-06-26T10:10:50,DRONE-05,39.992785,-73.999202,135.3,17.9,0.41,16.6,62.0,11.3,103.2,8.0,-1.8
2026-06-26T10:10:55,DRONE-03,40.004728,-73.971353,130.4,17.37,3.41,13.2,52.8,11.5,40.5,0.7,-6.1
2026-06-26T10:11:00,DRONE-01,39.986031,-74.009896,92.6,19.58,4.65,14.6,63.4,9.3,114.6,4.7,0.9
2026-06-26T10:11:05,DRONE-05,39.999999,-73.992266,111.7,17.07,5.41,16.4,44.5,24.3,108.1,3.1,-7.2
2026-06-26T10:11:10,DRONE-05,40.013623,-73.994417,80.2,18.15,4.21,13.5,49.6,15.1,256.1,5.4,-3.8
2026-06-26T10:11:15,DRONE-02,39.993651,-74.004019,120.9,17.13,3.59,22.0,49.2,10.0,92.3,-1.4,9.9
2026-06-26T10:11:20,DRONE-01,39.980591,-73.998402,100.0,18.89,1.47,18.8,33.8,8.5,229.6,-1.7,-3.6
2026-06-26T10:11:25,DRONE-05,40.005021,-73.986939,112.2,19.95,3.18,18.5,52.8,10.2,204.9,-1.5,-0.1
2026-06-26T10:11:30,DRONE-04,39.994992,-74.001858,81.3,16.5,3.65,23.4,61.6,16.4,278.4,-4.6,7.5
2026-06-26T10:11:35,DRONE-03,40.001298,-74.005559,135.3,17.62,4.81,21.1,63.2,10.4,5.7,2.8,8.3
2026-06-26T10:11:40,DRONE-01,39.982183,-74.003136,113.4,17.74,0.25,22.3,51.2,15.1,274.3,8.9,-4.8
2026-06-26T10:11:45,DRONE-01,40.00146,-73.990909,133.6,17.72,0.24,19.9,55.1,11.8,276.5,0.8,4.6
2026-06-26T10:11:50,DRONE-01,40.001436,-74.00673,115.4,19.75,3.04,16.2,56.8,10.8,53.9,1.4,-3.3
2026-06-26T10:11:55,DRONE-05,40.005153,-73.992255,147.3,19.02,2.83,20.5,65.7,9.0,209.1,1.7,-6.1
2026-06-26T10:12:00,DRONE-01,39.98973,-73.98186,152.3,20.15,3.1,21.9,58.3,11.9,97.9,-3.1,-0.4
2026-06-26T10:12:05,DRONE-03,39.994896,-73.993718,144.9,17.42,2.71,21.3,41.7,8.4,245.1,4.7,1.4
2026-06-26T10:12:10,DRONE-05,39.996693,-73.980198,98.5,16.73,5.66,17.5,61.1,7.1,114.4,1.1,2.6
2026-06-26T10:12:15,DRONE-05,40.007771,-73.992706,126.6,17.15,0.2,27.0,50.4,12.9,140.7,-5.1,1.8
2026-06-26T10:12:20,DRONE-04,39.999117,-74.000725,145.6,19.59,5.63,19.7,61.8,15.5,185.1,7.3,-4.6
2026-06-26T10:12:25,DRONE-03,40.001417,-74.005065,109.5,18.98,1.52,18.1,46.7,12.2,243.4,6.9,1.9
2026-06-26T10:12:30,DRONE-02,39.993456,-73.995351,163.2,17.45,2.77,20.4,57.1,11.2,275.7,0.3,3.9
2026-06-26T10:12:35,DRONE-03,40.005833,-73.978528,122.3,19.93,3.5,16.7,60.3,9.4,106.4,-3.2,3.9
2026-06-26T10:12:40,DRONE-03,40.010374,-73.998923,111.6,16.45,5.14,16.3,58.2,12.3,151.2,-6.9,10.0
2026-06-26T10:12:45,DRONE-02,40.003692,-74.010834,139.2,16.58,3.69,17.3,51.3,14.4,115.1,4.9,-4.1
2026-06-26T10:12:50,DRONE-05,40.003657,-74.001356,145.0,19.69,4.09,18.3,58.8,8.2,39.1,8.1,-2.0
2026-06-26T10:12:55,DRONE-03,39.986777,-73.96889,133.9,18.38,3.27,9.5,39.4,9.1,353.6,11.3,0.6
2026-06-26T10:13:00,DRONE-05,40.006569,-73.998417,105.1,18.14,5.98,19.1,65.9,15.1,138.3,8.8,-5.1
2026-06-26T10:13:05,DRONE-01,40.002327,-73.98778,115.6,17.64,3.18,15.7,60.9,20.7,137.3,-3.9,-1.9
2026-06-26T10:13:10,DRONE-04,39.997268,-73.986687,125.7,19.35,6.55,18.3,56.1,14.2,75.6,6.8,-4.0
2026-06-26T10:13:15,DRONE-01,40.004954,-73.993388,184.2,18.26,4.88,23.5,69.2,15.1,251.0,0.3,6.5
2026-06-26T10:13:20,DRONE-03,39.994784,-73.986889,122.2,18.77,3.53,7.3,72.4,7.6,337.8,-4.2,-4.9
2026-06-26T10:13:25,DRONE-04,40.009906,-73.995294,136.4,16.5,6.01,12.3,58.9,14.2,354.4,-3.2,-4.5
2026-06-26T10:13:30,DRONE-01,39.988514,-74.002127,149.1,19.65,2.29,22.8,56.1,13.5,73.9,-1.5,0.1
2026-06-26T10:13:35,DRONE-04,39.98827,-74.018729,81.0,19.54,1.3,11.8,61.5,17.1,45.4,2.0,-1.4
2026-06-26T10:13:40,DRONE-05,39.998903,-74.009171,94.4,19.77,0.2,21.1,65.8,13.2,133.9,3.7,-7.2
2026-06-26T10:13:45,DRONE-02,39.999568,-74.021581,142.8,17.87,6.57,21.4,42.1,17.8,175.1,5.2,1.3
2026-06-26T10:13:50,DRONE-05,39.99402,-74.012718,85.8,13.34,3.82,19.7,62.4,12.7,83.8,2.9,9.1
2026-06-26T10:13:55,DRONE-02,40.003468,-74.009619,98.8,19.12,4.39,10.7,28.6,16.2,131.6,-6.0,-0.7
2026-06-26T10:14:00,DRONE-03,39.992076,-74.012326,103.2,17.82,4.3,27.0,59.5,8.9,358.3,-4.2,10.5
2026-06-26T10:14:05,DRONE-04,39.981094,-74.012127,114.6,20.1,5.73,16.9,49.0,6.8,294.6,4.9,2.1
2026-06-26T10:14:10,DRONE-04,40.010085,-73.9834,109.0,18.5,5.31,16.8,56.9,15.0,292.4,-2.1,-2.5
2026-06-26T10:14:15,DRONE-04,39.992082,-73.999448,78.3,18.91,1.72,32.5,59.5,18.5,184.2,-5.0,-2.0
2026-06-26T10:14:20,DRONE-01,39.996978,-73.994113,134.2,18.7,3.2,15.5,41.1,14.2,307.3,4.6,-2.7
2026-06-26T10:14:25,DRONE-02,40.000141,-73.997834,138.7,18.97,5.77,21.4,48.4,17.5,349.6,0.1,3.2
2026-06-26T10:14:30,DRONE-03,39.995212,-73.980174,118.6,18.69,3.97,21.0,61.4,8.2,238.0,0.7,-4.1
2026-06-26T10:14:35,DRONE-05,39.997806,-74.010033,106.3,17.82,2.53,20.7,52.4,9.2,151.7,4.2,5.8
2026-06-26T10:14:40,DRONE-03,39.990625,-74.011306,77.4,19.56,4.59,22.1,54.8,8.7,295.0,2.9,-2.4
2026-06-26T10:14:45,DRONE-02,40.009381,-74.018826,91.6,19.83,5.04,24.1,68.7,13.1,307.2,2.8,0.9
2026-06-26T10:14:50,DRONE-01,40.001443,-73.985917,128.6,19.15,2.21,21.8,49.3,13.1,304.1,-2.8,-1.2
2026-06-26T10:14:55,DRONE-03,39.982166,-74.005278,101.2,17.72,0.2,20.1,51.4,6.4,146.5,-4.4,3.0
2026-06-26T10:15:00,DRONE-02,39.989084,-73.992582,140.0,19.75,3.72,29.5,58.3,12.1,119.4,1.7,-4.5
2026-06-26T10:15:05,DRONE-03,40.005843,-74.010237,81.9,18.3,5.7,17.1,46.1,11.9,221.1,3.0,4.9
2026-06-26T10:15:10,DRONE-04,39.999115,-74.002045,87.1,19.71,5.29,30.1,50.4,12.7,111.5,-1.9,-3.6
2026-06-26T10:15:15,DRONE-02,40.001345,-73.994602,89.7,19.8,11.05,17.3,49.4,3.0,70.0,2.8,-2.9
2026-06-26T10:15:20,DRONE-03,39.980845,-73.995718,142.8,19.35,3.07,12.8,67.9,11.0,27.0,-1.2,-0.5
2026-06-26T10:15:25,DRONE-03,40.012245,-73.996562,157.3,15.78,5.02,3.5,60.5,16.7,212.1,7.8,-2.9
2026-06-26T10:15:30,DRONE-01,39.984863,-73.986504,59.3,17.1,3.74,19.7,60.3,8.6,272.4,-4.4,4.1
2026-06-26T10:15:35,DRONE-05,40.019156,-73.994054,122.4,15.25,4.78,18.0,65.2,10.3,64.1,6.2,0.6
2026-06-26T10:15:40,DRONE-03,40.018438,-73.984354,137.3,17.08,1.8,13.1,53.1,6.8,333.6,-4.1,7.3
2026-06-26T10:15:45,DRONE-04,40.001498,-74.002645,163.2,16.18,4.93,19.7,50.3,13.6,128.2,-0.2,0.6
2026-06-26T10:15:50,DRONE-04,39.993627,-73.994949,113.8,19.66,1.4,21.7,42.5,21.6,60.7,-6.5,2.2
2026-06-26T10:15:55,DRONE-01,39.996152,-74.004761,112.1,17.63,2.14,15.1,67.8,9.6,214.8,-5.3,1.9
2026-06-26T10:16:00,DRONE-03,40.003836,-73.994073,90.0,17.48,0.78,23.3,61.5,15.5,307.7,-3.3,1.8
2026-06-26T10:16:05,DRONE-01,40.001485,-73.995718,138.1,18.11,6.48,15.1,45.7,14.9,189.3,2.9,-3.7
2026-06-26T10:16:10,DRONE-03,40.004318,-73.998154,329.2,19.48,3.25,16.5,53.7,9.6,226.8,0.8,3.7
2026-06-26T10:16:15,DRONE-03,39.999846,-73.987299,109.7,17.18,0.34,27.6,67.9,11.4,111.6,1.7,5.4
2026-06-26T10:16:20,DRONE-05,40.003324,-74.009927,111.3,18.24,5.5,23.1,77.3,13.0,306.7,3.9,-3.6
2026-06-26T10:16:25,DRONE-03,40.011366,-74.011749,115.1,19.86,5.66,16.9,56.3,11.2,211.6,7.0,-0.8
2026-06-26T10:16:30,DRONE-01,39.978923,-74.002324,113.6,18.31,6.04,10.1,51.5,10.4,162.5,4.4,2.3
2026-06-26T10:16:35,DRONE-02,39.99668,-74.004942,141.1,20.22,1.82,17.4,40.9,11.5,59.7,-2.0,3.1
2026-06-26T10:16:40,DRONE-03,40.016973,-74.005703,145.3,18.05,3.83,21.8,37.8,12.1,91.7,4.5,1.3
2026-06-26T10:16:45,DRONE-03,40.004645,-73.98583,87.1,19.54,6.44,17.9,44.0,14.6,296.1,-5.4,-2.5
2026-06-26T10:16:50,DRONE-01,40.017827,-74.013929,114.3,17.7,1.73,21.1,45.9,16.8,290.9,-0.1,4.2
2026-06-26T10:16:55,DRONE-02,40.005686,-73.995628,117.6,18.83,4.29,17.0,68.5,11.4,52.8,3.5,-6.2
2026-06-26T10:17:00,DRONE-04,39.992976,-73.997758,106.2,19.2,3.51,23.8,59.1,6.2,304.5,0.2,3.6
2026-06-26T10:17:05,DRONE-03,40.016016,-74.003349,95.2,17.89,3.77,15.2,46.5,14.1,35.6,-7.7,3.3
2026-06-26T10:17:10,DRONE-05,39.988541,-74.012149,105.8,16.17,2.98,18.6,75.0,6.8,280.5,-5.6,0.4
2026-06-26T10:17:15,DRONE-03,39.997166,-73.974236,159.1,16.64,2.73,18.0,44.8,3.9,358.9,-0.5,-2.7
2026-06-26T10:17:20,DRONE-02,40.012146,-74.003262,94.7,16.33,4.78,25.6,73.2,9.5,18.1,1.9,-1.6
2026-06-26T10:17:25,DRONE-03,40.009604,-73.996756,108.9,18.45,3.49,13.5,55.6,9.7,354.7,-7.9,4.7
2026-06-26T10:17:30,DRONE-05,39.997651,-73.999548,134.4,18.38,2.17,27.7,64.7,10.1,298.4,-0.4,-2.7
2026-06-26T10:17:35,DRONE-02,40.002945,-73.998499,101.8,19.24,3.05,20.0,60.5,11.7,173.6,3.4,-1.3
2026-06-26T10:17:40,DRONE-03,39.991072,-74.004247,89.3,17.99,1.26,17.1,48.4,8.8,213.7,6.3,-6.6
2026-06-26T10:17:45,DRONE-04,39.986126,-74.002628,138.7,18.55,3.46,15.0,64.3,14.4,153.3,-8.8,-1.8
2026-06-26T10:17:50,DRONE-04,39.997229,-73.981142,110.7,18.65,5.89,27.1,65.3,5.4,237.9,0.7,-2.8
2026-06-26T10:17:55,DRONE-03,39.998697,-74.005533,130.1,17.65,2.55,27.2,58.7,6.3,188.8,-8.6,4.2
2026-06-26T10:18:00,DRONE-02,40.004661,-73.991999,120.0,20.54,0.2,13.4,62.1,5.8,262.6,0.9,2.6
2026-06-26T10:18:05,DRONE-05,40.008594,-73.989835,131.6,18.67,6.6,15.5,60.1,23.3,196.4,8.8,-4.2
2026-06-26T10:18:10,DRONE-05,40.009446,-73.993079,126.4,19.25,4.82,19.5,55.5,12.3,344.3,-6.4,-1.9
2026-06-26T10:18:15,DRONE-05,39.997695,-74.004598,130.1,19.14,5.58,20.4,50.0,6.3,26.5,1.0,-9.4
2026-06-26T10:18:20,DRONE-04,39.986965,-73.994903,136.6,15.44,2.42,19.8,35.8,13.9,121.6,-4.8,-3.0
2026-06-26T10:18:25,DRONE-05,40.002497,-74.001403,133.9,20.57,2.83,17.8,78.3,13.8,247.3,7.3,-5.9
2026-06-26T10:18:30,DRONE-04,40.004595,-73.986413,126.8,18.65,3.85,17.2,33.2,8.7,347.9,-10.7,-0.7
2026-06-26T10:18:35,DRONE-04,40.00485,-74.004953,116.0,18.85,5.25,19.1,58.3,16.4,219.8,-4.4,9.8
2026-06-26T10:18:40,DRONE-05,39.993561,-74.012701,134.4,20.53,0.91,15.0,39.3,10.4,233.7,-2.6,-0.4
2026-06-26T10:18:45,DRONE-02,39.994433,-73.999566,136.5,17.91,3.14,19.7,68.6,10.4,94.2,-0.4,-0.2
2026-06-26T10:18:50,DRONE-05,40.013981,-73.996514,116.4,17.95,6.18,21.8,60.2,10.1,91.3,-3.5,-1.9
2026-06-26T10:18:55,DRONE-03,40.002594,-74.010318,139.3,20.02,2.25,23.1,60.0,21.9,73.7,-1.2,-3.5
2026-06-26T10:19:00,DRONE-04,39.995035,-73.998995,120.5,18.82,1.34,15.5,46.8,16.9,269.3,2.4,7.1
2026-06-26T10:19:05,DRONE-01,40.001462,-74.001362,75.5,19.16,5.94,16.8,48.8,17.3,112.6,6.5,-7.2
2026-06-26T10:19:10,DRONE-03,39.984748,-74.01272,139.6,19.14,4.36,21.0,59.6,13.7,246.1,-1.7,0.9
2026-06-26T10:19:15,DRONE-02,40.005216,-73.985596,97.8,18.21,4.15,10.0,65.3,12.0,307.9,-11.6,-3.9
2026-06-26T10:19:20,DRONE-04,39.996257,-73.997045,124.9,16.76,5.27,29.9,43.1,13.0,164.3,-4.9,-5.2
2026-06-26T10:19:25,DRONE-02,40.01536,-73.994805,111.2,17.92,4.0,20.8,72.7,8.7,298.9,-3.7,1.6
2026-06-26T10:19:30,DRONE-01,40.008642,-73.991392,108.6,20.1,4.91,22.3,60.6,13.9,302.0,4.1,-6.5
2026-06-26T10:19:35,DRONE-02,40.00355,-74.005074,152.1,18.4,6.32,21.9,57.3,4.8,323.2,-8.4,-2.2
2026-06-26T10:19:40,DRONE-04,39.980329,-73.998427,83.8,18.88,6.31,19.5,66.0,1.0,116.3,8.5,-4.6
2026-06-26T10:19:45,DRONE-04,39.98651,-73.993141,58.3,17.56,5.15,21.9,51.7,13.2,61.4,2.6,7.4
2026-06-26T10:19:50,DRONE-01,39.991808,-73.981239,87.3,18.33,4.75,15.0,53.5,9.0,285.8,2.3,3.5
2026-06-26T10:19:55,DRONE-04,40.000219,-73.994846,123.5,19.32,4.13,20.8,43.9,11.2,27.7,2.4,-5.7
2026-06-26T10:20:00,DRONE-04,40.005208,-73.999506,111.8,19.45,2.05,22.8,61.3,11.9,117.2,-0.7,-0.1
2026-06-26T10:20:05,DRONE-02,39.985954,-73.99385,111.6,19.07,3.83,12.5,45.7,14.4,31.0,1.7,3.3
2026-06-26T10:20:10,DRONE-04,40.027852,-74.008499,165.5,16.96,3.31,14.0,48.9,11.2,221.5,2.0,-0.7
2026-06-26T10:20:15,DRONE-05,40.004188,-74.001128,116.0,19.09,1.53,15.9,72.5,9.5,283.1,11.5,1.1
2026-06-26T10:20:20,DRONE-04,39.996305,-74.00206,134.1,17.29,8.64,33.0,41.9,11.6,292.3,2.4,3.5
2026-06-26T10:20:25,DRONE-03,40.013387,-73.991773,131.8,18.73,2.5,15.4,51.5,10.0,105.9,-1.8,-5.5
2026-06-26T10:20:30,DRONE-01,40.013146,-73.999705,132.9,16.91,4.14,17.9,51.3,11.6,145.6,2.3,-0.1
2026-06-26T10:20:35,DRONE-05,40.004283,-73.998302,133.6,19.82,2.63,25.0,71.2,13.5,150.4,-5.2,0.9
2026-06-26T10:20:40,DRONE-01,40.000762,-73.99556,127.6,19.96,1.72,19.3,63.2,13.2,238.0,-4.0,4.4
2026-06-26T10:20:45,DRONE-01,40.004905,-74.004737,85.8,12.25,4.92,17.0,61.4,4.0,341.8,-4.9,-1.3
2026-06-26T10:20:50,DRONE-05,39.999376,-73.9856,109.6,19.6,2.91,21.0,64.3,6.2,46.5,2.1,-5.8
2026-06-26T10:20:55,DRONE-03,39.992433,-74.008476,125.0,16.11,5.52,16.3,35.6,9.8,137.2,-2.4,3.4
2026-06-26T10:21:00,DRONE-01,40.006948,-73.994263,117.5,18.12,4.99,16.0,76.1,12.5,100.1,-3.3,-2.8
2026-06-26T10:21:05,DRONE-04,40.004153,-74.011994,130.5,18.76,3.54,22.3,38.2,6.1,79.7,-0.8,-1.8
2026-06-26T10:21:10,DRONE-05,40.008327,-74.009435,148.3,20.84,5.01,28.7,39.3,9.4,148.7,8.5,1.5
2026-06-26T10:21:15,DRONE-01,39.999539,-74.004491,180.7,19.3,5.99,26.7,54.2,18.6,347.8,9.1,-2.9
2026-06-26T10:21:20,DRONE-04,40.00614,-73.989959,151.8,19.92,5.5,18.8,46.9,2.6,180.2,-2.0,-1.4
2026-06-26T10:21:25,DRONE-01,40.000156,-74.000293,93.2,17.85,6.24,25.6,51.6,7.8,21.8,3.2,6.3
2026-06-26T10:21:30,DRONE-04,39.997333,-74.004087,142.1,19.03,4.3,19.3,36.4,2.8,145.7,2.5,2.2
2026-06-26T10:21:35,DRONE-01,39.979589,-73.987861,149.8,18.93,5.16,26.6,58.1,10.0,356.8,-3.2,7.4
2026-06-26T10:21:40,DRONE-05,39.984247,-74.000987,117.8,18.5,4.87,22.4,55.2,10.0,314.4,-2.5,-0.8
2026-06-26T10:21:45,DRONE-04,40.008107,-73.982918,164.1,15.65,3.42,19.4,61.2,15.7,97.5,-0.9,-11.6
2026-06-26T10:21:50,DRONE-05,40.001467,-74.014568,143.0,18.36,6.1,20.5,45.8,14.8,179.0,0.7,-1.9
2026-06-26T10:21:55,DRONE-04,40.010561,-74.000495,139.8,18.16,3.22,25.1,51.1,11.9,238.0,-1.9,1.5
2026-06-26T10:22:00,DRONE-05,39.996226,-74.000079,152.9,20.26,5.89,26.2,56.0,11.4,251.3,0.6,1.2
2026-06-26T10:22:05,DRONE-03,39.990593,-74.023853,156.3,19.71,5.72,23.3,33.3,12.8,319.6,-10.7,3.5
2026-06-26T10:22:10,DRONE-04,40.014956,-73.998187,104.7,19.53,1.68,20.4,48.6,9.2,99.2,-7.5,-1.5
2026-06-26T10:22:15,DRONE-02,40.003443,-73.995451,124.1,19.28,4.03,23.1,47.3,13.4,300.9,-0.7,-3.3
2026-06-26T10:22:20,DRONE-03,39.983356,-74.008164,132.8,20.09,2.68,22.7,48.7,3.5,215.8,6.0,-9.7
2026-06-26T10:22:25,DRONE-03,39.989797,-73.995912,90.2,20.24,3.41,12.7,67.9,13.2,251.7,-3.5,-3.2
2026-06-26T10:22:30,DRONE-02,39.997673,-73.989041,120.3,19.08,3.7,21.1,67.3,4.2,186.9,-5.3,-8.0
2026-06-26T10:22:35,DRONE-04,40.007046,-74.003358,113.2,18.12,4.73,14.2,50.0,18.9,55.0,-2.3,-0.6
2026-06-26T10:22:40,DRONE-01,40.013529,-74.012003,66.9,19.42,3.18,21.2,63.2,8.5,213.1,0.5,-1.2
2026-06-26T10:22:45,DRONE-03,40.025027,-73.982188,121.4,18.46,3.49,21.9,73.4,4.4,29.4,-2.3,4.2
2026-06-26T10:22:50,DRONE-04,40.001744,-73.994838,122.5,19.59,5.26,23.2,71.6,10.3,87.9,-1.3,0.0
2026-06-26T10:22:55,DRONE-02,40.000071,-73.999066,132.6,17.05,4.37,22.9,64.9,17.7,77.0,-6.0,4.7
2026-06-26T10:23:00,DRONE-04,40.008103,-73.98815,130.2,19.68,4.42,21.1,56.8,12.8,186.1,1.5,3.7
2026-06-26T10:23:05,DRONE-05,40.010213,-73.998895,98.4,18.44,5.82,20.2,54.0,9.0,74.0,4.9,0.1
2026-06-26T10:23:10,DRONE-03,39.993485,-73.993822,115.2,20.27,3.68,9.1,60.8,11.8,178.4,2.7,-7.1
2026-06-26T10:23:15,DRONE-04,39.998448,-73.998308,135.3,18.79,3.24,26.3,60.7,9.2,139.7,-2.3,8.7
2026-06-26T10:23:20,DRONE-05,40.011738,-74.012554,129.9,19.6,0.2,21.4,63.0,8.5,354.9,-0.0,-7.7
2026-06-26T10:23:25,DRONE-02,39.988043,-74.017059,117.0,18.44,3.95,24.6,55.2,8.4,287.0,-4.7,-6.6
2026-06-26T10:23:30,DRONE-03,39.991145,-73.992873,75.6,19.48,4.39,25.3,35.1,9.3,287.7,0.0,4.9
2026-06-26T10:23:35,DRONE-03,40.004765,-73.989287,134.5,16.38,3.65,20.1,55.5,9.6,333.4,2.4,-0.7
2026-06-26T10:23:40,DRONE-03,39.994631,-74.008535,129.1,19.06,4.55,17.6,59.0,6.2,258.5,8.6,4.9
2026-06-26T10:23:45,DRONE-05,39.97966,-73.985452,147.7,17.69,3.06,19.9,56.3,14.4,333.8,6.1,2.5
2026-06-26T10:23:50,DRONE-02,39.987063,-74.001637,137.9,20.51,4.92,24.2,50.1,11.1,183.4,-1.6,-3.4
2026-06-26T10:23:55,DRONE-04,40.000674,-73.983425,127.1,19.51,3.04,18.2,67.6,11.2,197.8,4.9,8.2
2026-06-26T10:24:00,DRONE-02,40.011235,-73.988308,86.6,17.73,3.62,16.4,57.9,9.9,310.3,12.5,6.5
2026-06-26T10:24:05,DRONE-02,40.008061,-74.011917,148.7,18.53,3.03,25.6,51.7,15.3,317.0,5.0,2.9
2026-06-26T10:24:10,DRONE-02,39.998268,-73.993804,155.4,16.9,4.32,19.5,68.9,13.3,113.0,-5.8,8.8
2026-06-26T10:24:15,DRONE-04,39.984793,-73.997908,337.0,19.17,3.14,5.7,61.8,9.6,97.8,-4.1,4.9
2026-06-26T10:24:20,DRONE-04,40.010255,-74.007279,146.8,15.61,4.49,25.1,35.7,10.7,116.4,-5.6,-1.5
2026-06-26T10:24:25,DRONE-03,39.988081,-74.012104,138.7,18.71,4.6,22.2,60.7,11.6,350.8,-1.5,3.0
2026-06-26T10:24:30,DRONE-05,39.999664,-74.012824,132.4,18.46,0.2,15.4,57.6,6.6,308.1,-1.9,-2.7
2026-06-26T10:24:35,DRONE-05,39.994536,-74.006334,111.9,17.42,6.11,19.0,45.7,8.9,194.3,-3.3,-1.6
2026-06-26T10:24:40,DRONE-03,39.992927,-74.013673,135.5,18.67,2.66,27.0,63.1,10.5,327.0,-10.7,5.0
2026-06-26T10:24:45,DRONE-05,40.001081,-73.995514,88.6,18.46,3.84,26.6,51.1,12.7,246.1,-4.0,-3.1
2026-06-26T10:24:50,DRONE-05,39.989941,-73.98139,114.1,17.58,5.51,12.9,63.3,14.4,56.5,9.7,1.3
2026-06-26T10:24:55,DRONE-01,39.998058,-73.999719,115.6,17.16,8.81,12.9,37.9,14.2,18.6,-0.8,8.4
2026-06-26T10:25:00,DRONE-02,40.008691,-73.996779,47.2,17.85,0.73,19.5,69.8,6.4,338.0,-2.9,-0.0
2026-06-26T10:25:05,DRONE-05,40.03152,-73.994039,118.5,17.79,5.56,14.9,58.4,2.6,1.7,4.0,1.5
2026-06-26T10:25:10,DRONE-05,39.991494,-74.010096,121.3,19.03,4.02,25.1,39.7,9.4,123.6,3.0,-0.5
2026-06-26T10:25:15,DRONE-04,39.989056,-73.996603,148.3,19.02,3.51,19.8,57.3,15.8,96.3,0.7,5.6
2026-06-26T10:25:20,DRONE-05,40.00542,-73.993779,148.8,19.57,5.03,20.7,70.4,13.2,203.8,3.4,-2.2
2026-06-26T10:25:25,DRONE-05,39.979233,-73.990814,144.7,17.91,8.97,16.7,49.3,10.5,335.8,-2.0,10.2
2026-06-26T10:25:30,DRONE-04,39.989357,-74.002649,121.1,20.48,3.22,21.8,51.7,10.6,299.0,-4.5,-5.8
2026-06-26T10:25:35,DRONE-05,40.00427,-74.004821,98.6,17.94,1.35,21.6,67.2,17.3,84.6,2.6,-6.3
2026-06-26T10:25:40,DRONE-03,40.003313,-73.998011,115.6,21.74,4.33,17.2,35.2,14.8,146.7,-9.6,3.8
2026-06-26T10:25:45,DRONE-03,40.003139,-74.008548,127.8,17.37,5.27,19.3,54.8,13.7,146.7,2.3,-3.1
2026-06-26T10:25:50,DRONE-05,39.991043,-74.008387,139.3,18.07,0.9,17.7,47.9,16.6,216.3,-5.4,7.9
2026-06-26T10:25:55,DRONE-01,40.005761,-73.991979,81.7,17.79,4.14,17.7,55.0,11.8,327.3,-2.7,9.1
2026-06-26T10:26:00,DRONE-01,40.00551,-74.007625,104.6,20.63,5.96,16.3,59.1,8.0,119.4,0.6,0.9
2026-06-26T10:26:05,DRONE-05,39.996632,-74.004108,158.6,20.41,5.75,25.6,67.7,16.5,240.3,-5.9,1.2
2026-06-26T10:26:10,DRONE-02,40.00061,-74.009108,100.5,17.42,3.57,12.3,59.8,18.9,251.3,-5.2,-4.2
2026-06-26T10:26:15,DRONE-01,40.004195,-74.002402,130.4,18.64,4.07,15.7,34.8,13.2,181.5,-0.5,-7.8
2026-06-26T10:26:20,DRONE-01,39.985291,-73.985055,124.1,18.25,3.43,18.5,59.3,10.0,341.7,8.3,1.5
2026-06-26T10:26:25,DRONE-01,39.988074,-74.016367,112.2,18.76,3.28,20.0,69.7,17.0,288.9,0.0,-1.0
2026-06-26T10:26:30,DRONE-02,40.007336,-74.030869,122.4,19.55,3.24,15.3,69.1,15.0,188.4,2.6,-3.2
2026-06-26T10:26:35,DRONE-02,40.006615,-74.002038,128.1,16.3,1.89,20.5,43.6,13.2,198.5,-3.2,-5.4
2026-06-26T10:26:40,DRONE-04,40.009662,-73.977294,117.4,18.16,1.65,10.5,59.1,15.6,147.0,-3.3,-0.2
2026-06-26T10:26:45,DRONE-03,39.989008,-73.992126,138.6,18.05,3.91,22.8,59.7,16.9,199.8,0.5,-9.2
2026-06-26T10:26:50,DRONE-01,40.014285,-74.003893,150.9,19.12,3.68,30.7,58.5,10.6,85.9,-6.5,5.0
2026-06-26T10:26:55,DRONE-01,39.99431,-73.995896,75.8,18.64,5.41,22.2,61.0,17.2,265.9,10.1,-5.2
2026-06-26T10:27:00,DRONE-04,39.985374,-73.993073,104.3,17.96,5.13,25.4,58.1,13.3,55.6,4.2,-0.1
2026-06-26T10:27:05,DRONE-01,40.005669,-74.012671,135.2,17.98,3.04,14.9,81.0,20.2,251.3,-5.8,-1.2
2026-06-26T10:27:10,DRONE-02,40.006775,-74.003284,120.9,18.9,4.11,15.2,45.3,14.8,324.0,2.9,-5.8
2026-06-26T10:27:15,DRONE-05,39.995401,-73.996798,84.3,17.82,1.54,13.7,59.1,13.2,215.4,1.0,3.6
2026-06-26T10:27:20,DRONE-04,40.002159,-73.99436,104.2,20.16,0.2,16.7,40.0,4.4,282.9,-3.1,9.9
2026-06-26T10:27:25,DRONE-03,40.016502,-73.984836,131.6,18.35,4.82,18.5,42.8,12.0,272.5,-4.0,-0.1
2026-06-26T10:27:30,DRONE-04,39.990002,-74.006205,138.9,15.58,2.77,21.1,61.8,5.8,342.4,-9.7,-6.6
2026-06-26T10:27:35,DRONE-01,39.986181,-74.003033,168.9,19.81,5.91,15.8,44.6,5.3,273.2,5.5,-0.9
2026-06-26T10:27:40,DRONE-03,40.008944,-73.994033,147.6,11.82,3.11,25.0,62.4,16.3,46.7,-7.2,-0.9
2026-06-26T10:27:45,DRONE-05,39.995968,-73.998244,117.0,18.82,5.94,9.7,68.8,8.9,239.9,1.4,1.8
2026-06-26T10:27:50,DRONE-02,40.012746,-73.994554,107.1,19.84,0.52,15.9,49.4,4.7,325.8,-1.1,5.9
2026-06-26T10:27:55,DRONE-05,39.997582,-74.003325,116.4,19.73,4.99,23.6,45.2,14.7,264.7,-2.5,6.0
2026-06-26T10:28:00,DRONE-04,40.010209,-73.989233,143.9,18.38,4.81,15.7,63.5,10.5,274.8,10.3,-7.9
2026-06-26T10:28:05,DRONE-01,39.998808,-74.00248,156.5,18.36,3.98,22.4,62.0,12.3,84.1,0.6,2.8
2026-06-26T10:28:10,DRONE-04,40.001184,-73.98423,188.1,19.89,1.71,24.5,47.6,9.0,251.5,-5.6,-2.7
2026-06-26T10:28:15,DRONE-02,40.008222,-74.012555,159.0,17.89,2.96,10.9,55.2,22.7,330.5,-7.2,-9.8
2026-06-26T10:28:20,DRONE-05,39.998831,-73.98661,119.0,15.82,3.97,16.6,34.7,8.9,148.5,-2.1,-0.9
2026-06-26T10:28:25,DRONE-01,39.988287,-73.997207,162.9,16.39,6.66,17.9,33.6,8.4,69.4,-3.4,9.2
2026-06-26T10:28:30,DRONE-05,39.980893,-74.006268,125.5,19.53,3.64,21.9,61.6,13.4,26.5,3.3,0.6
2026-06-26T10:28:35,DRONE-05,39.988039,-73.993622,112.7,17.58,3.34,22.2,61.6,16.8,77.9,4.4,0.3
2026-06-26T10:28:40,DRONE-02,40.00438,-74.000227,81.6,19.57,4.04,16.6,63.2,15.8,152.4,-5.4,1.7
2026-06-26T10:28:45,DRONE-03,40.010974,-74.005811,116.7,19.72,7.6,19.7,55.2,11.5,99.6,-1.7,-2.4
2026-06-26T10:28:50,DRONE-05,39.998168,-73.999152,120.5,18.47,3.27,31.0,59.6,10.4,264.7,4.4,-9.4
2026-06-26T10:28:55,DRONE-02,39.998375,-74.00304,159.4,19.09,6.06,10.4,56.8,11.2,56.1,4.2,-2.7
2026-06-26T10:29:00,DRONE-03,39.993001,-74.001682,137.6,17.93,3.75,21.2,41.4,10.5,337.9,-1.4,-3.2
2026-06-26T10:29:05,DRONE-01,39.993574,-73.99059,122.6,16.77,5.46,18.5,50.0,9.2,57.3,-3.2,-0.5
2026-06-26T10:29:10,DRONE-04,39.993602,-74.003837,125.1,17.39,4.94,17.5,49.0,8.8,253.2,6.8,1.7
2026-06-26T10:29:15,DRONE-04,40.000922,-74.010893,104.8,17.42,4.66,17.6,44.7,4.6,292.7,0.2,2.3
2026-06-26T10:29:20,DRONE-01,39.997979,-73.994939,131.8,19.48,3.03,14.7,40.8,13.9,318.3,4.6,-3.8
2026-06-26T10:29:25,DRONE-01,39.997943,-73.986712,107.6,16.22,1.81,28.7,70.6,15.3,57.3,9.3,14.6
2026-06-26T10:29:30,DRONE-04,40.009599,-74.003812,146.8,19.0,2.77,20.3,56.5,12.3,200.6,-7.8,-5.6
2026-06-26T10:29:35,DRONE-03,40.005589,-74.021971,104.0,17.46,0.2,14.5,45.7,8.1,168.8,-0.5,1.0
2026-06-26T10:29:40,DRONE-02,39.986133,-73.997028,113.8,19.34,1.55,16.5,53.2,12.9,175.4,6.5,5.3
2026-06-26T10:29:45,DRONE-02,39.982784,-74.00327,142.7,17.89,6.36,15.7,53.8,12.5,13.2,7.4,0.8
2026-06-26T10:29:50,DRONE-05,40.010713,-73.98681,112.7,20.62,6.64,14.0,46.1,7.5,240.3,0.3,8.4
2026-06-26T10:29:55,DRONE-04,39.98858,-74.001147,103.6,18.17,1.2,18.0,57.0,9.6,307.6,3.4,-2.5
2026-06-26T10:30:00,DRONE-02,39.987304,-73.987938,108.9,18.53,0.83,20.6,69.3,14.1,212.2,2.2,-4.4
2026-06-26T10:30:05,DRONE-05,39.99665,-73.976209,117.1,19.86,1.08,11.0,44.9,13.1,273.3,-2.3,-2.4
2026-06-26T10:30:10,DRONE-05,39.980501,-74.009399,146.4,19.42,5.61,19.9,50.6,4.7,272.8,-6.3,-5.3
2026-06-26T10:30:15,DRONE-04,40.004775,-74.007137,103.5,18.85,2.76,19.1,54.0,15.4,89.6,0.5,3.3
2026-06-26T10:30:20,DRONE-02,40.01927,-74.013641,110.4,18.06,2.05,25.3,46.4,13.1,245.5,0.4,-3.5
2026-06-26T10:30:25,DRONE-01,40.014975,-73.988664,129.0,19.03,5.06,8.8,54.2,7.0,50.4,6.9,4.8
2026-06-26T10:30:30,DRONE-03,40.009647,-73.992796,106.5,19.96,11.29,10.7,60.4,9.5,3.1,5.1,7.3
2026-06-26T10:30:35,DRONE-04,39.994645,-73.996763,103.3,18.76,3.8,18.8,53.9,14.4,279.1,-0.7,8.2
2026-06-26T10:30:40,DRONE-04,40.001196,-73.997626,116.1,16.93,4.99,20.8,61.0,13.3,339.1,-4.5,-0.9
2026-06-26T10:30:45,DRONE-01,39.987594,-73.993192,159.1,20.84,2.14,24.4,61.3,10.9,339.2,-9.1,-4.9
2026-06-26T10:30:50,DRONE-02,39.999653,-73.997928,74.4,20.5,2.19,16.9,65.8,9.9,262.5,4.3,-0.3
2026-06-26T10:30:55,DRONE-05,39.975376,-73.995243,123.2,17.27,0.6,21.1,56.8,19.7,45.9,4.7,-0.6
2026-06-26T10:31:00,DRONE-03,39.995012,-73.996272,123.6,18.13,1.66,12.4,51.5,11.2,49.2,-6.1,1.7
2026-06-26T10:31:05,DRONE-04,40.013503,-74.008319,122.0,18.23,0.43,13.1,84.1,10.8,1.2,4.8,-13.4
2026-06-26T10:31:10,DRONE-02,39.991485,-73.996149,154.1,20.56,5.21,18.9,58.3,17.7,110.0,-6.4,-6.0
2026-06-26T10:31:15,DRONE-01,40.004709,-73.996017,115.9,18.79,1.34,25.6,58.0,5.6,308.6,-9.0,1.1
2026-06-26T10:31:20,DRONE-03,39.999709,-73.992826,98.7,15.84,6.04,18.0,64.7,15.0,176.3,-3.5,4.4
2026-06-26T10:31:25,DRONE-03,39.992323,-73.993756,111.9,19.79,6.04,19.3,56.0,12.4,218.3,2.6,0.8
2026-06-26T10:31:30,DRONE-02,40.008535,-74.002419,119.2,18.15,4.13,22.8,49.9,7.9,106.9,1.7,6.0
2026-06-26T10:31:35,DRONE-05,39.996537,-73.995929,100.3,17.43,3.47,18.6,64.0,18.4,13.6,-2.4,7.5
2026-06-26T10:31:40,DRONE-03,39.994717,-73.984369,130.1,18.34,2.14,12.9,46.8,13.0,131.1,5.9,2.0
2026-06-26T10:31:45,DRONE-03,39.987608,-74.010947,66.7,17.16,5.15,14.0,57.1,13.8,289.0,-2.6,0.1
2026-06-26T10:31:50,DRONE-03,39.995328,-74.006298,137.4,18.96,3.02,17.1,59.0,13.3,215.7,-5.1,6.2
2026-06-26T10:31:55,DRONE-01,40.00968,-74.000262,97.9,17.79,6.02,15.1,47.3,9.5,250.9,-2.7,5.4
2026-06-26T10:32:00,DRONE-02,39.997039,-73.998756,125.9,19.16,3.12,12.7,63.3,6.8,300.1,1.6,0.3
2026-06-26T10:32:05,DRONE-01,40.004005,-73.988503,58.3,18.05,0.2,11.4,56.4,12.9,72.3,-3.3,7.9
2026-06-26T10:32:10,DRONE-05,40.014489,-74.000954,122.7,20.27,4.83,20.9,58.4,9.8,196.9,1.9,12.4
2026-06-26T10:32:15,DRONE-01,39.99864,-73.998264,107.9,16.92,4.44,28.4,51.8,12.8,47.7,6.2,-2.9
2026-06-26T10:32:20,DRONE-01,39.980802,-73.997283,367.6,18.16,2.07,9.3,50.4,13.2,307.0,-1.1,-3.2
2026-06-26T10:32:25,DRONE-03,39.966199,-74.003112,96.4,20.07,4.47,13.2,65.9,14.5,189.3,-8.3,-6.7
2026-06-26T10:32:30,DRONE-03,40.011327,-74.006945,154.8,16.61,3.51,25.2,41.6,5.6,187.7,0.6,1.4
2026-06-26T10:32:35,DRONE-03,40.0108,-74.008716,127.9,18.88,1.64,17.5,51.7,20.0,341.6,4.8,-2.6
2026-06-26T10:32:40,DRONE-02,40.002314,-74.007968,120.7,19.43,3.36,19.6,56.3,13.4,112.5,2.8,-1.7
2026-06-26T10:32:45,DRONE-01,40.007699,-74.012312,113.4,17.79,2.68,24.1,46.3,17.2,165.1,-3.7,3.2
2026-06-26T10:32:50,DRONE-01,39.979335,-74.009194,137.9,17.35,1.15,22.6,66.4,14.6,350.4,5.0,-5.1
2026-06-26T10:32:55,DRONE-03,40.004453,-74.010715,148.8,18.22,5.42,10.9,56.5,9.6,45.4,0.9,3.3
2026-06-26T10:33:00,DRONE-04,39.99268,-73.976382,134.5,19.19,1.58,23.9,53.0,11.5,241.2,-1.2,-5.7
2026-06-26T10:33:05,DRONE-01,39.997233,-74.00028,106.7,19.41,4.63,17.3,58.8,18.5,228.4,5.0,0.4
2026-06-26T10:33:10,DRONE-01,40.008751,-73.995698,124.3,18.4,5.64,18.3,67.0,13.6,13.5,-2.8,1.7
2026-06-26T10:33:15,DRONE-03,40.012993,-73.993507,100.7,16.51,0.2,20.9,49.1,14.6,27.3,-2.5,0.0
2026-06-26T10:33:20,DRONE-04,39.97454,-74.001374,35.5,18.65,2.22,20.0,61.8,10.7,112.7,11.6,-12.5
2026-06-26T10:33:25,DRONE-04,39.991304,-73.986048,59.0,20.07,3.17,9.3,42.2,11.8,124.3,2.2,5.9
2026-06-26T10:33:30,DRONE-01,39.983854,-74.022873,89.3,19.08,3.85,20.6,61.9,16.8,300.0,6.4,-5.0
2026-06-26T10:33:35,DRONE-03,40.006899,-73.994601,159.5,17.6,3.26,28.1,59.0,11.8,35.9,2.6,-6.0
2026-06-26T10:33:40,DRONE-02,39.994903,-73.99342,117.9,18.54,4.84,12.2,52.4,10.5,48.2,0.6,-1.4
2026-06-26T10:33:45,DRONE-05,40.003871,-73.988713,55.5,19.22,1.84,14.1,53.2,12.4,118.9,-6.6,2.1
2026-06-26T10:33:50,DRONE-03,39.999507,-73.991018,99.4,19.98,3.34,16.8,61.9,12.5,357.1,-3.4,8.3
2026-06-26T10:33:55,DRONE-02,40.001971,-74.003372,150.3,17.01,4.74,11.1,40.1,10.1,344.1,-5.3,-2.2
2026-06-26T10:34:00,DRONE-05,40.007883,-73.989846,99.9,17.99,5.82,16.3,54.0,9.8,229.4,0.3,9.9
2026-06-26T10:34:05,DRONE-03,39.98489,-73.985259,128.9,18.45,1.66,15.3,66.2,16.5,42.6,2.7,-1.9
2026-06-26T10:34:10,DRONE-03,40.002174,-74.010022,131.7,17.28,3.78,19.6,62.0,18.9,132.9,4.4,-4.4
2026-06-26T10:34:15,DRONE-05,39.997255,-73.990135,167.5,17.11,3.21,19.2,45.3,11.9,229.9,-4.2,-4.4
2026-06-26T10:34:20,DRONE-04,39.993741,-74.002641,109.4,18.52,3.14,25.2,58.5,7.6,55.4,4.8,-3.0
2026-06-26T10:34:25,DRONE-04,39.997353,-73.98912,139.3,18.6,3.66,22.3,66.8,15.4,114.5,-3.8,-5.9
2026-06-26T10:34:30,DRONE-03,40.002183,-74.001033,167.9,19.37,2.94,16.5,49.2,15.1,304.2,-6.0,8.8
2026-06-26T10:34:35,DRONE-02,40.008887,-74.002207,126.8,13.21,5.01,9.5,68.8,16.4,359.4,6.4,-4.4
2026-06-26T10:34:40,DRONE-03,39.987516,-74.001568,116.9,18.4,3.85,18.6,58.6,9.7,164.9,9.2,-3.0
2026-06-26T10:34:45,DRONE-01,39.992048,-73.990084,139.2,17.47,1.19,16.4,65.1,14.0,91.7,-4.9,-6.7
2026-06-26T10:34:50,DRONE-04,39.991623,-74.004445,119.9,19.42,4.23,22.1,49.3,10.4,5.3,5.5,-3.0
2026-06-26T10:34:55,DRONE-05,40.015487,-73.990731,105.1,20.43,5.43,24.8,61.1,7.4,257.8,-3.5,6.4
2026-06-26T10:35:00,DRONE-01,39.993807,-73.993202,94.5,16.35,6.08,20.6,54.2,10.9,343.1,1.2,-5.6
2026-06-26T10:35:05,DRONE-03,39.989987,-74.002755,129.8,19.77,4.08,26.1,51.6,12.3,82.8,-4.9,-2.1
2026-06-26T10:35:10,DRONE-02,40.005373,-74.008532,142.1,18.35,5.58,17.3,60.9,5.2,185.5,15.7,0.2
2026-06-26T10:35:15,DRONE-05,40.008375,-74.000441,123.0,17.83,2.25,22.7,49.9,12.4,342.8,-4.9,11.6
2026-06-26T10:35:20,DRONE-04,39.988437,-74.001964,83.6,18.95,1.01,21.3,65.9,10.6,214.8,0.5,0.1
2026-06-26T10:35:25,DRONE-05,40.00042,-74.008678,119.2,17.15,6.03,30.6,69.5,13.3,328.5,-3.2,-0.8
2026-06-26T10:35:30,DRONE-04,39.990805,-73.991467,119.6,18.32,2.42,11.8,70.9,11.3,335.1,-2.8,8.6
2026-06-26T10:35:35,DRONE-03,39.993476,-73.981485,135.7,17.2,8.5,26.2,58.6,11.4,123.7,-0.9,1.1
2026-06-26T10:35:40,DRONE-05,39.99983,-73.983647,127.5,17.91,4.16,29.3,34.7,13.2,307.7,-3.8,5.1
2026-06-26T10:35:45,DRONE-02,39.989814,-74.0141,147.7,18.49,5.93,25.1,62.6,8.7,282.4,-3.1,7.2
2026-06-26T10:35:50,DRONE-05,39.994371,-73.988401,97.9,15.89,7.35,13.5,51.5,14.6,165.8,-1.0,2.1
2026-06-26T10:35:55,DRONE-05,39.990747,-74.005803,89.8,18.24,2.33,18.6,60.4,12.6,273.8,-2.5,7.4
2026-06-26T10:36:00,DRONE-05,40.002446,-73.99425,109.1,17.19,4.42,23.0,52.9,13.1,185.7,-6.6,2.1
2026-06-26T10:36:05,DRONE-01,40.018041,-73.986336,137.2,19.46,3.76,19.6,51.6,7.6,177.2,-4.4,5.7
2026-06-26T10:36:10,DRONE-05,40.000304,-73.99258,137.7,18.83,5.31,20.9,48.1,15.1,147.1,-9.2,2.4
2026-06-26T10:36:15,DRONE-02,39.983581,-73.995177,127.1,18.3,2.0,15.8,67.0,9.6,133.2,3.0,4.9
2026-06-26T10:36:20,DRONE-05,39.995741,-73.99007,86.8,15.66,4.03,16.5,56.6,15.4,351.2,-2.4,-2.7
2026-06-26T10:36:25,DRONE-04,40.001287,-73.995711,115.5,18.05,4.69,18.8,51.2,8.8,79.7,-0.4,0.8
2026-06-26T10:36:30,DRONE-03,39.986094,-74.003266,89.4,17.51,0.22,21.3,49.9,11.5,358.7,10.0,-1.4
2026-06-26T10:36:35,DRONE-01,40.017013,-74.009161,124.6,17.92,4.76,17.4,55.9,13.5,316.1,-7.9,9.9
2026-06-26T10:36:40,DRONE-05,40.004503,-73.994531,77.0,19.01,3.54,13.2,55.8,14.4,269.7,5.0,6.7
2026-06-26T10:36:45,DRONE-04,39.997085,-73.994595,102.1,16.17,1.34,19.9,53.7,14.8,302.4,1.5,2.9
2026-06-26T10:36:50,DRONE-05,39.99121,-73.992398,130.2,19.7,3.08,13.4,70.0,10.9,273.5,5.0,1.0
2026-06-26T10:36:55,DRONE-05,40.002388,-74.005686,131.0,17.16,3.54,28.0,59.8,16.6,34.7,-1.7,-1.6
2026-06-26T10:37:00,DRONE-03,39.997552,-74.00142,109.5,17.97,4.28,18.7,41.8,11.7,10.4,-1.0,1.9
2026-06-26T10:37:05,DRONE-04,39.992082,-74.005944,57.9,17.09,5.0,16.6,44.6,5.7,316.9,1.1,1.6
2026-06-26T10:37:10,DRONE-01,39.994608,-74.002556,114.7,16.41,1.89,14.1,50.0,16.9,150.5,12.3,6.0
2026-06-26T10:37:15,DRONE-02,39.991367,-74.009784,180.2,18.3,4.46,22.2,48.2,12.2,202.3,4.5,-2.8
2026-06-26T10:37:20,DRONE-05,40.007219,-74.006953,120.7,18.32,1.37,14.5,58.4,8.2,33.7,4.1,1.9
2026-06-26T10:37:25,DRONE-04,40.004038,-74.012802,128.5,16.53,4.21,8.5,64.8,11.0,130.9,6.5,5.8
2026-06-26T10:37:30,DRONE-05,40.001156,-73.974969,178.3,17.49,0.8,23.4,61.9,10.6,47.4,-1.4,2.4
2026-06-26T10:37:35,DRONE-01,39.989801,-74.013617,125.9,21.53,2.83,16.8,55.1,11.9,156.1,8.1,-1.4
2026-06-26T10:37:40,DRONE-04,39.992452,-74.006732,74.9,17.6,4.94,13.9,62.4,12.3,248.2,-0.7,-2.4
2026-06-26T10:37:45,DRONE-01,39.995408,-74.018262,108.8,18.62,3.32,20.3,52.4,11.0,116.5,1.6,3.0
2026-06-26T10:37:50,DRONE-04,40.007467,-73.992574,117.4,18.6,4.3,15.9,59.4,8.0,138.3,-0.9,-6.2
2026-06-26T10:37:55,DRONE-05,39.989432,-74.004783,83.7,17.8,2.03,19.5,36.8,10.9,219.9,-6.9,2.1
2026-06-26T10:38:00,DRONE-03,39.985161,-74.009122,109.4,18.17,3.13,18.0,61.6,15.3,261.0,4.5,0.5
2026-06-26T10:38:05,DRONE-01,39.987519,-74.00371,127.1,22.0,3.07,20.5,24.8,18.1,55.4,2.8,-9.0
2026-06-26T10:38:10,DRONE-05,40.01472,-74.006007,95.0,19.79,4.73,20.7,44.5,10.7,136.7,-3.2,-2.8
2026-06-26T10:38:15,DRONE-05,40.009882,-73.991896,122.9,17.36,2.81,27.3,66.9,7.9,226.2,-8.1,11.4
2026-06-26T10:38:20,DRONE-04,39.996082,-73.989803,143.5,19.74,0.2,14.8,53.1,14.2,5.2,2.0,-10.9
2026-06-26T10:38:25,DRONE-03,39.984183,-74.004095,109.0,19.17,5.07,28.5,54.1,15.7,333.1,-10.3,3.4
2026-06-26T10:38:30,DRONE-01,40.004891,-74.018353,128.4,19.23,2.83,21.0,57.7,7.2,263.3,1.6,-13.1
2026-06-26T10:38:35,DRONE-04,40.016093,-74.015625,162.6,17.57,2.19,13.0,58.8,12.0,102.4,-0.7,-3.4
2026-06-26T10:38:40,DRONE-01,40.007735,-74.004923,104.0,15.85,2.05,16.7,48.9,11.0,230.1,-5.1,-1.5
2026-06-26T10:38:45,DRONE-05,39.995469,-74.000443,142.7,17.41,4.29,17.1,55.0,17.2,160.2,3.5,0.5
2026-06-26T10:38:50,DRONE-04,39.993665,-73.995552,103.5,19.28,3.94,29.5,58.3,10.5,102.1,1.0,-2.1
2026-06-26T10:38:55,DRONE-04,40.016385,-74.005477,111.6,16.99,3.69,16.6,47.9,9.7,33.4,0.0,4.2
2026-06-26T10:39:00,DRONE-01,39.994761,-74.001688,146.7,18.23,1.55,18.6,42.5,8.3,20.3,6.6,-9.5
2026-06-26T10:39:05,DRONE-02,39.994629,-73.993108,120.8,19.64,6.24,30.3,49.4,6.1,96.3,1.1,-2.3
2026-06-26T10:39:10,DRONE-01,40.009207,-74.019438,91.3,18.3,0.2,15.9,51.7,13.1,237.0,1.7,-0.3
2026-06-26T10:39:15,DRONE-05,40.002345,-74.007891,90.7,18.19,2.59,7.8,29.4,14.1,315.6,9.8,1.3
2026-06-26T10:39:20,DRONE-05,39.994125,-74.018698,146.1,17.1,4.64,16.5,59.5,16.3,166.1,-1.8,-2.9
2026-06-26T10:39:25,DRONE-03,39.984554,-74.00186,98.5,16.7,3.02,18.2,55.5,17.9,333.0,3.1,5.7
2026-06-26T10:39:30,DRONE-02,39.989478,-73.986889,142.0,17.66,4.52,15.5,58.8,21.0,53.4,1.0,-0.3
2026-06-26T10:39:35,DRONE-05,40.010076,-73.997653,74.7,16.83,1.32,18.6,55.2,18.0,207.5,2.5,-3.5
2026-06-26T10:39:40,DRONE-02,39.998324,-73.998489,141.1,18.29,7.53,20.4,63.3,19.0,245.4,12.3,-0.8
2026-06-26T10:39:45,DRONE-03,39.98709,-73.99702,87.1,16.4,4.38,23.8,58.1,17.5,197.3,4.3,-2.1
2026-06-26T10:39:50,DRONE-02,39.98133,-74.002118,175.5,17.79,1.01,19.2,50.7,8.6,244.2,1.4,3.4
2026-06-26T10:39:55,DRONE-01,40.010494,-73.993374,119.3,20.1,3.43,14.7,55.8,8.0,98.0,1.7,-2.1
2026-06-26T10:40:00,DRONE-04,39.98321,-74.021483,109.3,17.88,2.2,24.3,45.0,15.3,272.3,0.6,5.5
2026-06-26T10:40:05,DRONE-02,40.000811,-73.981544,133.3,18.31,3.86,18.7,32.8,10.7,276.3,-5.1,3.2
2026-06-26T10:40:10,DRONE-01,40.000031,-73.99587,99.1,16.58,3.49,25.8,58.1,15.0,15.9,-3.8,-12.1
2026-06-26T10:40:15,DRONE-04,39.989776,-74.019039,131.8,19.54,1.35,15.8,51.3,15.0,66.1,-0.6,5.7
2026-06-26T10:40:20,DRONE-05,40.002776,-74.022968,154.4,20.1,2.77,31.6,60.0,12.1,346.1,1.4,-0.8
2026-06-26T10:40:25,DRONE-03,40.015002,-74.005782,411.7,17.27,5.63,11.8,75.1,17.7,195.2,2.2,4.9
2026-06-26T10:40:30,DRONE-01,40.010472,-74.002218,133.3,19.63,4.89,22.5,71.1,12.3,16.9,2.1,-0.6
2026-06-26T10:40:35,DRONE-02,40.001925,-74.004422,122.8,18.23,4.35,19.6,54.6,19.0,266.0,5.0,-3.3
2026-06-26T10:40:40,DRONE-04,39.992468,-74.008086,82.1,19.68,10.93,23.8,55.3,12.6,290.8,3.4,10.1
2026-06-26T10:40:45,DRONE-01,40.004682,-74.00957,151.2,19.18,3.93,11.6,41.8,16.5,226.9,-9.1,7.0
2026-06-26T10:40:50,DRONE-03,39.994466,-73.997027,109.9,17.43,2.87,21.5,67.4,11.1,332.0,7.1,1.0
2026-06-26T10:40:55,DRONE-03,39.99591,-73.986361,92.5,18.73,3.39,16.4,42.9,16.8,68.8,1.7,5.8
2026-06-26T10:41:00,DRONE-03,39.992568,-73.999801,90.9,19.01,6.06,28.7,45.2,8.4,333.3,-1.8,14.2
2026-06-26T10:41:05,DRONE-01,40.001691,-73.985418,123.8,21.46,0.2,16.3,59.7,8.6,182.1,-2.5,9.6
2026-06-26T10:41:10,DRONE-05,39.985835,-74.008675,117.0,18.84,3.72,18.3,61.2,18.3,281.7,3.6,0.5
2026-06-26T10:41:15,DRONE-01,40.013295,-73.981341,147.2,19.26,1.79,24.0,57.8,7.6,334.6,-9.0,2.4
2026-06-26T10:41:20,DRONE-05,40.007941,-74.000919,150.0,17.84,1.87,22.0,49.0,8.4,233.8,-9.0,5.4
2026-06-26T10:41:25,DRONE-04,40.005061,-73.993103,140.6,17.88,1.68,17.0,52.4,16.2,355.2,-0.6,-2.2
2026-06-26T10:41:30,DRONE-03,39.994334,-74.004812,124.7,12.3,3.28,21.6,49.1,17.9,167.5,6.4,-2.1
2026-06-26T10:41:35,DRONE-03,40.00516,-74.013687,134.4,19.06,3.55,20.2,59.2,13.5,341.8,2.5,-8.6
2026-06-26T10:41:40,DRONE-01,40.003066,-74.00962,129.6,19.07,0.89,24.3,47.6,12.8,27.4,-7.5,-3.8
2026-06-26T10:41:45,DRONE-02,40.006341,-74.011175,139.3,17.2,4.14,21.3,45.0,6.5,305.2,-1.2,-5.3
2026-06-26T10:41:50,DRONE-02,40.007123,-73.986919,142.5,18.28,6.68,27.2,46.8,9.7,258.8,-7.4,2.1
2026-06-26T10:41:55,DRONE-02,39.992687,-74.002322,109.7,18.72,5.08,23.7,50.1,14.6,183.6,2.1,-10.7
2026-06-26T10:42:00,DRONE-01,39.994063,-73.995395,120.2,17.01,3.56,16.5,59.4,11.9,286.1,-10.2,-2.9
2026-06-26T10:42:05,DRONE-03,39.993759,-74.005858,127.6,17.84,3.97,17.6,82.7,9.8,191.1,10.8,2.7
2026-06-26T10:42:10,DRONE-04,40.004586,-73.996798,119.7,17.68,1.32,19.5,73.7,12.6,160.3,-4.5,-2.2
2026-06-26T10:42:15,DRONE-05,40.006732,-74.016489,87.0,17.76,0.6,28.5,63.5,18.5,55.4,0.3,3.5
2026-06-26T10:42:20,DRONE-02,40.002128,-73.99971,130.5,16.31,3.11,24.1,33.8,11.0,22.5,-6.6,0.1
2026-06-26T10:42:25,DRONE-02,40.015825,-74.002084,140.8,19.71,3.22,19.9,53.8,10.8,109.1,2.9,5.7
2026-06-26T10:42:30,DRONE-05,39.998632,-73.980044,153.4,18.43,2.72,24.9,40.7,16.5,356.1,-2.9,-6.4
2026-06-26T10:42:35,DRONE-02,39.986186,-74.000757,131.1,17.06,3.87,23.0,51.3,15.3,304.0,5.4,-0.6
2026-06-26T10:42:40,DRONE-02,39.977733,-74.000436,160.0,17.88,0.71,20.2,36.8,12.7,179.6,-5.6,4.2
2026-06-26T10:42:45,DRONE-01,39.997235,-73.990517,103.3,16.67,2.9,16.2,57.2,9.9,262.1,-2.7,-12.8
2026-06-26T10:42:50,DRONE-03,40.006483,-74.004151,183.0,18.07,1.25,22.3,45.9,12.1,273.6,2.4,-1.7
2026-06-26T10:42:55,DRONE-05,40.005443,-74.004227,94.5,18.75,2.69,23.6,62.7,12.3,254.0,-3.4,-2.8
2026-06-26T10:43:00,DRONE-05,40.004719,-73.988431,154.3,17.88,2.99,15.9,72.2,6.7,18.0,-1.9,-0.1
2026-06-26T10:43:05,DRONE-04,40.027072,-73.98807,140.4,21.05,3.7,27.4,59.2,14.1,46.5,1.2,1.2
2026-06-26T10:43:10,DRONE-05,40.010177,-73.998408,103.4,16.69,4.78,19.7,77.3,10.1,205.0,-3.9,-2.3
2026-06-26T10:43:15,DRONE-03,39.995674,-73.989036,68.5,19.89,5.06,11.6,46.2,16.7,296.8,-4.1,1.4
2026-06-26T10:43:20,DRONE-01,39.984409,-74.000348,93.4,19.39,2.21,18.5,57.4,4.6,247.8,3.2,-4.8
2026-06-26T10:43:25,DRONE-02,40.00688,-73.992376,72.2,18.59,3.15,24.3,57.1,7.3,31.3,-2.6,3.7
2026-06-26T10:43:30,DRONE-04,39.995668,-74.008487,105.2,19.12,4.71,25.5,66.8,11.7,22.6,0.3,2.6
2026-06-26T10:43:35,DRONE-03,39.993619,-74.010819,83.2,17.45,4.57,14.2,64.9,6.0,110.5,-1.9,-5.5
2026-06-26T10:43:40,DRONE-03,40.004215,-74.007586,135.4,16.43,1.72,28.4,50.1,13.4,321.0,5.0,-0.6
2026-06-26T10:43:45,DRONE-02,39.988921,-73.994633,148.0,19.7,8.66,21.2,50.5,13.8,190.2,0.6,1.0
2026-06-26T10:43:50,DRONE-02,39.99781,-73.994105,129.0,16.84,5.1,19.2,71.8,11.4,229.3,3.6,10.8
2026-06-26T10:43:55,DRONE-01,40.008854,-73.999801,106.2,16.65,3.29,27.9,52.6,10.2,17.8,6.9,-5.8
2026-06-26T10:44:00,DRONE-01,39.998225,-73.996276,122.6,17.61,3.26,20.7,57.4,15.0,198.4,-4.5,-0.5
2026-06-26T10:44:05,DRONE-05,39.997558,-73.996105,128.5,19.44,3.9,17.4,44.4,10.1,1.6,-0.2,-8.1
2026-06-26T10:44:10,DRONE-03,40.003111,-73.996977,152.7,18.61,2.09,20.4,48.2,15.1,135.1,2.6,2.4
2026-06-26T10:44:15,DRONE-03,40.013136,-74.007844,71.5,18.85,2.5,20.2,61.0,8.2,296.7,5.0,0.5
2026-06-26T10:44:20,DRONE-02,39.992972,-74.005329,111.1,18.82,3.36,11.4,63.0,10.3,130.5,2.1,1.3
2026-06-26T10:44:25,DRONE-03,39.991878,-73.992981,101.6,17.58,2.76,27.5,58.5,9.0,171.9,-2.2,-0.1
2026-06-26T10:44:30,DRONE-04,39.993091,-73.983968,115.2,20.22,4.1,29.7,46.2,11.0,201.1,0.5,2.3
2026-06-26T10:44:35,DRONE-02,40.003002,-74.009889,99.8,18.84,2.39,12.7,67.1,17.4,10.3,8.2,6.5
2026-06-26T10:44:40,DRONE-01,40.001309,-74.004349,108.2,20.78,4.98,13.1,53.0,10.0,1.6,-7.0,-10.7
2026-06-26T10:44:45,DRONE-01,40.015497,-74.001531,103.8,18.48,4.89,11.8,55.2,4.0,116.4,-6.9,-0.3
2026-06-26T10:44:50,DRONE-05,40.003805,-73.985707,78.5,18.49,3.42,15.4,56.0,7.2,269.4,-1.3,-1.9
2026-06-26T10:44:55,DRONE-01,39.99348,-74.008399,138.7,19.72,3.26,21.0,43.3,11.2,51.2,-0.9,-5.2
2026-06-26T10:45:00,DRONE-01,39.998796,-73.992341,46.3,16.82,6.73,19.3,56.3,17.4,44.0,1.5,2.3
2026-06-26T10:45:05,DRONE-03,40.021131,-74.018686,120.9,17.46,2.39,9.0,61.4,12.6,87.9,5.3,-3.7
2026-06-26T10:45:10,DRONE-03,39.992854,-73.999633,53.1,19.96,2.16,14.9,59.2,2.5,11.6,8.8,2.6
2026-06-26T10:45:15,DRONE-02,40.004006,-74.005195,159.5,17.68,2.2,24.3,54.4,11.5,93.7,-3.3,2.1
2026-06-26T10:45:20,DRONE-02,40.003785,-74.000771,128.1,17.66,3.4,7.2,66.6,10.4,91.5,4.7,-2.0
2026-06-26T10:45:25,DRONE-03,39.994527,-74.007241,99.7,18.96,3.66,14.1,68.2,14.3,293.7,-6.1,-5.2
2026-06-26T10:45:30,DRONE-01,39.981641,-74.003353,129.4,19.64,6.49,24.9,49.7,8.2,343.4,-4.2,9.1
2026-06-26T10:45:35,DRONE-03,39.989306,-73.996043,127.8,18.06,3.68,24.7,57.0,14.8,321.0,4.8,-3.8
2026-06-26T10:45:40,DRONE-03,39.991723,-73.99162,126.9,15.85,4.97,24.2,48.0,10.0,13.7,1.6,1.2
2026-06-26T10:45:45,DRONE-03,40.004462,-74.015174,170.6,16.4,11.87,20.7,66.6,5.7,162.9,0.9,-10.7
2026-06-26T10:45:50,DRONE-01,40.002571,-74.009461,111.6,18.6,5.54,15.0,59.2,9.2,246.7,-3.8,-2.8
2026-06-26T10:45:55,DRONE-03,39.996301,-74.006449,73.3,17.69,0.2,21.3,27.0,13.0,278.7,1.8,3.9
2026-06-26T10:46:00,DRONE-03,40.007889,-73.990526,122.0,17.81,5.36,22.9,48.6,7.8,111.7,-2.7,11.3
2026-06-26T10:46:05,DRONE-03,40.004933,-73.99821,112.8,16.57,4.97,26.6,47.4,21.1,195.7,3.7,2.2
2026-06-26T10:46:10,DRONE-03,40.009508,-73.9975,109.5,19.88,1.57,20.0,65.3,8.3,249.0,-0.6,-0.9
2026-06-26T10:46:15,DRONE-02,40.003313,-74.000109,109.7,17.52,2.81,17.1,57.4,10.0,258.2,-4.1,-8.4
2026-06-26T10:46:20,DRONE-04,39.998796,-73.994849,122.3,19.4,5.03,17.5,57.1,15.8,345.7,-1.4,12.1
2026-06-26T10:46:25,DRONE-03,39.994521,-74.016124,134.1,19.57,3.36,18.2,48.0,8.9,53.9,3.2,1.0
2026-06-26T10:46:30,DRONE-04,40.012081,-74.022809,157.4,17.47,3.65,18.7,64.0,12.8,127.8,-1.3,3.8
2026-06-26T10:46:35,DRONE-05,40.015399,-73.985543,135.6,15.87,1.76,28.9,53.6,5.0,209.6,1.9,6.6
2026-06-26T10:46:40,DRONE-01,39.990665,-73.996,100.4,18.12,2.59,16.5,55.8,9.1,92.6,-9.2,7.4
2026-06-26T10:46:45,DRONE-05,39.994613,-74.001429,117.9,17.98,4.53,26.0,55.9,11.0,151.8,-1.0,-3.1
2026-06-26T10:46:50,DRONE-01,39.991166,-74.013108,87.0,18.68,4.15,15.2,47.3,6.9,263.7,-0.5,-4.5
2026-06-26T10:46:55,DRONE-01,39.999025,-73.999462,115.3,19.56,3.25,24.2,69.1,11.4,354.9,0.0,-2.0
2026-06-26T10:47:00,DRONE-02,39.991028,-74.001427,63.8,17.08,0.29,20.8,68.0,17.3,263.4,-6.7,1.8
2026-06-26T10:47:05,DRONE-04,39.990767,-74.009889,137.6,18.09,7.25,18.5,65.9,14.7,6.1,6.4,-1.2
2026-06-26T10:47:10,DRONE-03,39.992454,-73.998537,116.4,17.96,2.32,24.3,47.1,7.7,167.8,1.2,10.9
2026-06-26T10:47:15,DRONE-04,39.988186,-73.999165,144.7,17.78,3.76,28.0,73.6,10.9,202.0,8.6,4.2
2026-06-26T10:47:20,DRONE-01,39.99983,-73.989884,167.0,16.35,2.0,21.1,63.2,12.7,161.0,-0.9,4.1
2026-06-26T10:47:25,DRONE-05,40.009625,-74.003346,124.5,19.69,4.15,19.0,50.0,9.4,163.6,-1.2,2.1
2026-06-26T10:47:30,DRONE-02,40.006303,-74.016019,120.0,15.69,4.37,24.4,48.1,12.8,20.5,-4.1,-1.7
2026-06-26T10:47:35,DRONE-02,39.985046,-73.987382,118.8,20.04,5.75,15.4,40.4,14.7,168.6,-11.9,4.2
2026-06-26T10:47:40,DRONE-01,40.000638,-74.006347,143.8,18.13,3.13,22.0,46.3,7.2,207.2,-5.9,4.7
2026-06-26T10:47:45,DRONE-05,40.006374,-74.002762,120.4,17.56,3.38,11.9,49.5,6.5,266.1,-6.8,4.9
2026-06-26T10:47:50,DRONE-02,39.996057,-73.996841,124.7,18.56,3.02,21.4,68.5,10.9,264.9,-8.2,11.9
2026-06-26T10:47:55,DRONE-01,39.996469,-74.010096,116.0,16.52,2.29,24.1,53.7,16.5,257.6,-8.9,-3.0
2026-06-26T10:48:00,DRONE-05,40.006719,-73.993204,88.4,21.03,2.48,24.2,73.4,15.8,307.7,5.0,-13.6
2026-06-26T10:48:05,DRONE-03,39.973301,-74.007921,152.4,15.97,1.44,17.2,66.6,11.9,251.4,1.2,6.4
2026-06-26T10:48:10,DRONE-01,40.009073,-73.992851,80.8,19.46,0.88,15.0,46.6,4.5,286.0,1.2,-2.4
2026-06-26T10:48:15,DRONE-05,40.004128,-73.992197,154.4,19.46,3.11,17.6,48.9,5.2,198.2,1.3,0.2
2026-06-26T10:48:20,DRONE-01,39.99678,-73.99742,143.0,17.11,0.47,18.3,53.4,12.3,219.7,1.6,-2.8
2026-06-26T10:48:25,DRONE-02,39.986276,-73.997636,112.4,11.09,3.37,23.8,47.1,9.5,325.5,-1.7,5.2
2026-06-26T10:48:30,DRONE-01,40.008967,-74.011949,319.4,17.66,4.33,25.7,56.5,5.4,216.5,-1.0,-3.8
2026-06-26T10:48:35,DRONE-01,39.983481,-73.988204,159.6,17.85,2.87,20.1,38.4,5.8,198.5,-1.2,-9.8
2026-06-26T10:48:40,DRONE-03,40.002697,-74.007531,98.1,18.12,4.27,20.9,65.8,14.6,223.4,-6.3,0.0
2026-06-26T10:48:45,DRONE-01,40.00225,-73.998158,164.0,19.69,2.04,30.6,44.2,8.7,81.1,5.1,-1.1
2026-06-26T10:48:50,DRONE-03,39.993862,-74.015844,101.0,18.48,3.76,23.0,54.9,13.1,319.9,-6.9,-5.8
2026-06-26T10:48:55,DRONE-05,40.000842,-73.987749,118.1,20.26,0.85,26.2,40.8,14.7,68.8,-4.0,-6.4
2026-06-26T10:49:00,DRONE-04,39.992182,-73.997863,134.5,18.44,3.42,20.2,62.8,13.0,332.8,-4.5,-0.5
2026-06-26T10:49:05,DRONE-04,39.98596,-73.984065,134.1,17.14,2.95,20.1,48.8,15.9,188.1,-7.8,0.2
2026-06-26T10:49:10,DRONE-01,40.007705,-73.990301,131.0,17.28,1.93,23.8,75.9,11.1,127.8,-8.6,0.7
2026-06-26T10:49:15,DRONE-04,40.015961,-73.998186,129.5,20.87,4.85,26.2,42.8,9.8,60.2,4.1,-5.8
2026-06-26T10:49:20,DRONE-04,39.970954,-74.005282,121.4,17.49,2.42,14.8,61.3,12.8,211.3,-3.9,-2.8
2026-06-26T10:49:25,DRONE-04,39.995857,-73.98664,140.1,18.56,4.72,5.2,65.0,9.3,144.2,-1.0,4.5
2026-06-26T10:49:30,DRONE-05,39.997526,-74.002462,157.4,17.53,4.03,25.0,43.4,10.6,26.6,-4.4,4.8
2026-06-26T10:49:35,DRONE-01,39.981257,-73.998817,122.3,17.41,1.62,23.1,37.4,4.5,109.8,2.4,1.9
2026-06-26T10:49:40,DRONE-01,39.992797,-73.990826,86.2,19.38,5.14,7.2,50.8,5.8,98.4,4.4,-0.0
2026-06-26T10:49:45,DRONE-02,40.013591,-73.996992,111.7,18.92,0.2,12.7,67.7,11.3,224.4,11.0,-2.3
2026-06-26T10:49:50,DRONE-01,40.012349,-73.992031,79.3,18.28,2.78,25.8,61.8,0,288.4,4.0,-0.8
2026-06-26T10:49:55,DRONE-02,39.992922,-74.011696,62.3,21.2,1.92,19.3,69.8,15.4,334.5,-0.7,-0.6
2026-06-26T10:50:00,DRONE-05,39.982109,-73.992243,121.6,17.69,3.68,23.7,57.3,22.1,224.6,-3.0,-2.9
2026-06-26T10:50:05,DRONE-01,40.003309,-73.984067,113.4,20.04,2.51,27.0,55.5,4.6,222.8,6.2,6.5
2026-06-26T10:50:10,DRONE-01,39.996529,-74.003026,125.1,19.12,6.32,24.6,55.5,17.0,307.4,-10.2,8.0
2026-06-26T10:50:15,DRONE-03,39.985581,-74.003889,116.3,18.76,3.34,18.8,37.4,17.5,153.3,1.7,6.5
2026-06-26T10:50:20,DRONE-01,40.015732,-73.992545,170.4,19.27,3.06,22.3,45.2,10.4,228.1,-1.0,-10.9
2026-06-26T10:50:25,DRONE-05,40.005473,-73.992963,91.9,19.05,4.6,20.7,66.8,11.2,126.3,-4.3,-4.8
2026-06-26T10:50:30,DRONE-05,39.99789,-73.987227,97.4,19.82,3.87,20.6,58.8,13.8,92.3,3.6,4.5
2026-06-26T10:50:35,DRONE-01,40.005029,-73.999058,150.8,19.61,5.18,22.7,52.6,13.1,284.8,6.6,1.0
2026-06-26T10:50:40,DRONE-01,40.002655,-74.015377,161.1,19.87,4.87,27.3,54.0,2.7,346.8,0.1,-6.5
2026-06-26T10:50:45,DRONE-04,39.994985,-74.007167,137.5,16.76,6.31,27.2,40.8,17.3,283.2,-8.4,2.4
2026-06-26T10:50:50,DRONE-01,39.991317,-74.008101,101.7,19.65,9.37,13.8,43.7,4.5,88.4,7.2,-7.7
2026-06-26T10:50:55,DRONE-05,40.001252,-73.990725,122.1,19.66,0.2,16.1,47.8,5.5,3.5,0.6,2.6
2026-06-26T10:51:00,DRONE-01,39.983458,-73.976263,157.0,18.21,4.47,19.0,62.7,5.0,84.2,-3.2,4.2
2026-06-26T10:51:05,DRONE-02,39.999905,-74.004465,92.1,19.14,3.02,22.9,60.4,10.8,311.4,1.0,-4.7
2026-06-26T10:51:10,DRONE-02,39.991735,-74.017954,132.9,17.05,0.2,15.0,46.9,6.4,335.2,-6.1,-1.6
2026-06-26T10:51:15,DRONE-03,39.97912,-73.992771,119.7,15.93,5.56,12.7,64.2,8.5,26.0,4.8,2.1
2026-06-26T10:51:20,DRONE-03,39.99117,-73.993709,93.5,18.55,3.15,25.6,64.7,13.2,179.2,2.2,-1.3
2026-06-26T10:51:25,DRONE-04,40.012548,-74.001702,102.4,16.82,5.78,24.0,57.5,12.3,150.1,4.5,-3.1
2026-06-26T10:51:30,DRONE-02,39.990017,-73.998592,139.6,18.46,1.06,14.9,49.6,22.9,355.6,2.5,3.9
2026-06-26T10:51:35,DRONE-01,39.994623,-73.986999,84.2,18.75,2.93,19.0,32.7,21.9,316.9,3.0,-4.6
2026-06-26T10:51:40,DRONE-01,39.991934,-74.002469,107.9,19.42,6.23,26.4,53.3,5.9,194.5,0.4,3.9
2026-06-26T10:51:45,DRONE-05,39.994485,-73.995288,140.6,17.94,3.42,18.4,48.6,10.9,227.3,0.7,-6.6
2026-06-26T10:51:50,DRONE-04,40.000599,-74.005047,106.3,16.47,3.2,10.1,48.5,15.3,56.4,0.5,1.2
2026-06-26T10:51:55,DRONE-02,39.992663,-74.010622,105.8,19.26,0.2,26.6,46.3,14.2,204.7,6.4,1.2
2026-06-26T10:52:00,DRONE-02,39.997713,-73.985261,75.0,17.09,2.88,24.1,60.2,9.3,185.7,-1.1,1.0
2026-06-26T10:52:05,DRONE-05,39.997349,-74.042242,164.9,18.09,2.52,23.0,62.0,6.8,193.6,-1.0,-4.0
2026-06-26T10:52:10,DRONE-04,40.002477,-74.00604,85.6,19.06,5.59,16.7,79.8,16.5,46.4,-4.4,-7.9
2026-06-26T10:52:15,DRONE-03,40.021009,-74.009424,129.7,18.18,4.32,15.7,62.5,15.2,138.3,-0.5,4.9
2026-06-26T10:52:20,DRONE-01,40.002756,-74.005765,137.4,19.31,0.82,23.4,56.3,12.6,164.0,9.2,-0.1
2026-06-26T10:52:25,DRONE-01,39.989341,-74.017231,99.5,15.44,3.51,25.9,76.8,10.8,31.0,7.2,2.5
2026-06-26T10:52:30,DRONE-05,40.014434,-73.973869,74.6,20.67,2.72,16.5,51.2,20.7,31.3,-3.3,4.1
2026-06-26T10:52:35,DRONE-03,40.005811,-74.005427,79.6,18.35,4.41,25.4,61.1,15.9,221.8,1.2,-4.9
2026-06-26T10:52:40,DRONE-05,40.002202,-73.990518,124.8,21.4,3.1,20.4,59.4,9.7,288.9,5.9,0.4
2026-06-26T10:52:45,DRONE-05,40.006786,-73.995147,163.5,15.94,4.04,12.9,56.5,14.0,249.3,5.3,4.1
2026-06-26T10:52:50,DRONE-04,40.009723,-73.989146,127.7,18.51,2.99,26.5,54.5,12.0,145.8,-5.0,2.3
2026-06-26T10:52:55,DRONE-02,40.002461,-73.991145,93.8,17.58,3.89,23.2,54.7,15.7,337.5,3.9,1.3
2026-06-26T10:53:00,DRONE-02,39.979939,-74.005528,119.8,18.09,3.23,20.0,73.2,10.2,67.7,5.0,-0.7
2026-06-26T10:53:05,DRONE-03,39.989391,-74.011426,92.6,17.78,3.89,22.5,66.3,16.2,305.5,-2.6,1.4
2026-06-26T10:53:10,DRONE-04,39.995794,-73.988866,119.6,18.66,0.75,16.1,55.2,8.8,350.9,-0.2,3.4
2026-06-26T10:53:15,DRONE-04,39.995941,-73.9992,111.7,17.83,0.2,17.2,29.0,13.5,332.2,-3.1,6.8
2026-06-26T10:53:20,DRONE-05,39.99474,-74.013719,137.6,19.53,1.55,19.6,55.9,12.4,339.3,0.5,-2.0
2026-06-26T10:53:25,DRONE-01,40.002553,-73.992758,132.2,19.64,5.13,19.3,46.4,14.7,344.6,-4.9,2.7
2026-06-26T10:53:30,DRONE-02,40.006452,-74.012948,120.2,18.21,3.68,15.2,61.0,11.6,155.0,6.3,0.1
2026-06-26T10:53:35,DRONE-01,39.992026,-74.018323,104.7,17.8,3.79,19.0,61.1,14.3,268.6,-4.6,-3.0
2026-06-26T10:53:40,DRONE-03,40.005997,-74.004327,92.3,16.92,5.81,19.4,58.8,10.7,218.3,-9.0,-8.4
2026-06-26T10:53:45,DRONE-04,39.991003,-73.989963,103.9,16.33,5.34,28.0,53.8,11.6,105.5,2.3,-3.0
2026-06-26T10:53:50,DRONE-02,39.993732,-74.007962,158.0,18.67,2.31,19.5,41.0,12.5,285.8,1.1,-1.1
2026-06-26T10:53:55,DRONE-03,40.003785,-74.000742,107.6,19.09,6.29,16.4,43.2,8.1,249.1,2.7,9.7
2026-06-26T10:54:00,DRONE-03,39.996809,-73.987018,110.8,18.01,2.3,27.4,49.6,11.0,228.2,1.5,2.9
2026-06-26T10:54:05,DRONE-04,39.997992,-73.982762,174.3,18.95,0.52,18.3,51.7,13.3,151.8,-10.4,-2.7
2026-06-26T10:54:10,DRONE-03,40.02386,-73.983894,92.7,20.95,1.78,21.1,54.9,4.0,316.5,4.9,-3.7
2026-06-26T10:54:15,DRONE-02,39.992882,-73.996265,186.0,18.63,5.11,19.5,41.6,8.6,156.7,-6.5,3.5
2026-06-26T10:54:20,DRONE-05,40.00945,-74.004633,120.6,19.83,2.65,20.3,59.5,16.6,0.1,-6.8,1.7
2026-06-26T10:54:25,DRONE-04,40.000805,-73.988681,144.9,18.24,3.82,12.7,65.7,13.2,198.4,3.0,-6.9
2026-06-26T10:54:30,DRONE-05,40.014082,-73.993848,63.3,16.82,3.85,20.1,49.9,10.2,234.3,-0.5,1.1
2026-06-26T10:54:35,DRONE-01,40.014259,-74.002918,128.6,18.81,6.19,20.2,72.1,19.7,200.0,4.7,2.6
2026-06-26T10:54:40,DRONE-03,39.987532,-74.012117,127.4,19.69,2.52,20.1,38.1,11.6,151.1,-0.2,2.3
2026-06-26T10:54:45,DRONE-01,39.992264,-74.012481,72.5,18.83,6.43,22.1,64.2,9.0,219.6,3.5,2.5
2026-06-26T10:54:50,DRONE-03,39.988567,-74.006003,110.5,17.96,5.67,12.2,67.8,9.1,266.3,0.8,7.1
2026-06-26T10:54:55,DRONE-01,40.007567,-73.982858,152.3,17.97,2.47,16.1,70.6,15.8,297.6,1.8,2.6
2026-06-26T10:55:00,DRONE-03,39.998894,-74.009913,179.7,19.75,4.11,21.1,64.4,14.0,254.2,0.5,2.9
2026-06-26T10:55:05,DRONE-01,40.005015,-73.997854,99.8,20.46,2.57,24.2,57.1,10.1,148.7,-3.3,1.6
2026-06-26T10:55:10,DRONE-05,39.993114,-73.987054,95.3,19.02,1.88,23.5,57.1,14.8,243.0,5.9,3.9
2026-06-26T10:55:15,DRONE-04,40.020139,-73.997791,122.0,20.59,1.73,20.2,57.2,8.3,263.1,-0.7,-1.8
2026-06-26T10:55:20,DRONE-03,40.01213,-73.975204,141.1,11.68,2.52,17.4,55.3,13.2,332.9,-3.1,0.3
2026-06-26T10:55:25,DRONE-02,39.988067,-74.005193,150.2,18.78,1.43,22.3,56.4,8.7,144.4,-5.8,6.5
2026-06-26T10:55:30,DRONE-03,39.987855,-73.996165,109.0,18.03,2.47,15.8,43.3,14.7,356.6,-6.7,2.6
2026-06-26T10:55:35,DRONE-01,39.991868,-74.002558,113.5,20.22,0.92,15.6,46.7,11.1,308.9,7.9,1.2
2026-06-26T10:55:40,DRONE-05,39.980359,-73.985389,103.6,17.56,1.78,15.5,30.3,9.7,67.9,-1.4,-0.7
2026-06-26T10:55:45,DRONE-03,40.00376,-73.981785,82.9,17.09,4.74,16.3,48.8,11.2,341.8,3.2,-0.6
2026-06-26T10:55:50,DRONE-03,40.011334,-74.01154,106.3,19.81,0.36,20.0,64.3,11.3,156.1,-9.8,-4.1
2026-06-26T10:55:55,DRONE-04,40.013419,-73.983456,121.6,17.08,10.38,17.2,65.7,15.6,97.2,-0.4,1.8
2026-06-26T10:56:00,DRONE-05,40.01944,-73.99255,171.2,16.86,4.09,22.3,59.1,3.0,80.8,-9.4,-3.9
2026-06-26T10:56:05,DRONE-01,40.014718,-74.011523,108.5,18.25,4.27,13.6,63.8,9.9,291.5,5.0,-3.2
2026-06-26T10:56:10,DRONE-04,40.025544,-74.009007,107.5,18.93,3.02,9.7,58.9,15.9,271.1,2.8,2.6
2026-06-26T10:56:15,DRONE-05,40.009916,-73.992053,114.9,19.47,2.36,16.5,44.6,10.5,330.2,0.8,0.7
2026-06-26T10:56:20,DRONE-04,40.000568,-74.005992,99.1,17.86,4.95,24.1,67.3,8.4,72.7,2.8,-0.2
2026-06-26T10:56:25,DRONE-03,40.023443,-74.017373,91.2,18.3,4.68,22.8,52.0,12.1,163.4,2.0,-4.5
2026-06-26T10:56:30,DRONE-04,39.986027,-73.989873,97.1,19.49,4.12,18.3,58.3,4.8,307.9,-5.0,-1.0
2026-06-26T10:56:35,DRONE-01,40.021203,-73.973888,374.7,19.57,5.67,15.3,48.7,13.2,2.3,0.3,1.8
2026-06-26T10:56:40,DRONE-02,40.003615,-74.017923,105.0,20.2,2.81,23.4,44.5,8.6,7.0,11.2,8.1
2026-06-26T10:56:45,DRONE-05,40.023702,-74.005529,117.0,19.31,4.64,20.5,47.0,17.0,352.1,-5.0,3.1
2026-06-26T10:56:50,DRONE-01,40.010343,-73.994739,132.5,17.77,2.72,13.6,71.2,12.2,317.2,2.6,5.8
2026-06-26T10:56:55,DRONE-04,40.009506,-73.990364,104.5,19.78,3.36,15.8,62.3,16.0,70.6,0.2,-6.3
2026-06-26T10:57:00,DRONE-03,40.000096,-73.991799,87.9,19.81,5.97,21.4,43.6,13.1,255.3,-8.9,-5.2
2026-06-26T10:57:05,DRONE-04,39.997649,-73.992732,108.8,16.33,1.33,23.3,71.4,13.6,13.5,-3.9,1.3
2026-06-26T10:57:10,DRONE-01,40.003746,-74.001702,112.9,20.33,0.2,12.9,67.0,8.3,54.8,-5.6,6.6
2026-06-26T10:57:15,DRONE-05,40.009873,-73.979662,127.2,17.32,1.0,16.9,70.2,13.7,317.4,-2.2,1.0
2026-06-26T10:57:20,DRONE-05,39.986459,-74.000104,112.3,17.06,5.27,20.2,53.6,10.6,136.4,1.5,7.8
2026-06-26T10:57:25,DRONE-01,40.007474,-74.003027,138.9,18.81,3.51,20.5,62.2,17.8,38.7,-1.0,5.8
2026-06-26T10:57:30,DRONE-01,39.998783,-74.003392,107.8,18.67,5.31,21.5,46.5,21.5,342.6,8.6,-1.4
2026-06-26T10:57:35,DRONE-05,40.010953,-73.990516,95.3,18.96,6.98,23.6,66.1,17.5,210.9,-5.8,-5.7
2026-06-26T10:57:40,DRONE-04,40.00923,-73.995032,117.5,20.74,4.19,17.5,44.6,15.5,47.8,-13.0,1.9
2026-06-26T10:57:45,DRONE-01,40.000154,-73.994957,136.6,17.77,1.33,17.5,50.5,13.6,187.0,-2.1,-2.1
2026-06-26T10:57:50,DRONE-04,39.995721,-74.01566,116.5,19.19,2.16,15.4,41.0,16.5,278.6,-5.4,3.5
2026-06-26T10:57:55,DRONE-02,39.999688,-73.989242,140.8,18.49,1.63,28.6,61.3,15.7,65.7,-1.2,3.5
2026-06-26T10:58:00,DRONE-04,39.9857,-74.013784,134.4,19.82,7.71,13.1,53.8,12.9,350.0,-0.6,-8.1
2026-06-26T10:58:05,DRONE-01,39.997554,-73.98872,104.9,19.06,4.44,13.3,78.0,10.0,233.5,-0.6,3.4
2026-06-26T10:58:10,DRONE-03,39.990062,-73.989093,130.7,17.32,4.21,19.6,47.1,10.0,94.2,-1.1,2.4
2026-06-26T10:58:15,DRONE-01,40.006014,-74.004213,125.3,18.53,3.94,18.1,45.6,6.8,35.2,-1.3,-1.7
2026-06-26T10:58:20,DRONE-02,39.981415,-74.006879,92.2,20.58,0.2,20.1,55.2,8.2,119.2,-2.4,5.0
2026-06-26T10:58:25,DRONE-02,39.993203,-74.00061,107.0,19.0,5.54,21.1,76.3,9.3,159.9,-0.5,7.7
2026-06-26T10:58:30,DRONE-03,40.014213,-73.994988,121.4,16.25,5.54,25.5,72.8,10.8,54.2,-3.7,0.5
2026-06-26T10:58:35,DRONE-03,39.998821,-74.000128,114.7,16.31,0.95,9.4,54.0,11.1,111.1,-5.7,5.3
2026-06-26T10:58:40,DRONE-05,39.980728,-73.996224,119.6,16.82,1.78,20.9,57.8,18.7,165.7,7.1,-1.3
2026-06-26T10:58:45,DRONE-03,39.994033,-74.000128,115.9,17.42,2.88,24.4,65.5,17.2,214.2,-6.3,1.8
2026-06-26T10:58:50,DRONE-03,39.997453,-73.997976,129.7,17.91,5.86,22.8,59.4,19.0,202.5,-1.7,2.5
2026-06-26T10:58:55,DRONE-02,39.999681,-73.989815,120.9,20.35,4.82,20.6,57.7,13.3,127.2,0.8,-0.0
2026-06-26T10:59:00,DRONE-02,39.997217,-74.004013,152.7,17.72,3.02,25.3,50.6,14.5,304.8,-5.0,-6.8
2026-06-26T10:59:05,DRONE-02,39.994339,-74.01087,83.1,17.16,3.8,25.5,49.8,10.5,206.3,-7.4,-1.1
2026-06-26T10:59:10,DRONE-01,40.007664,-74.001801,91.9,18.3,4.65,18.9,54.0,14.2,308.6,-6.7,4.9
2026-06-26T10:59:15,DRONE-02,39.989537,-73.980885,131.2,17.58,1.99,27.2,55.2,13.4,116.0,-5.3,-7.3
2026-06-26T10:59:20,DRONE-01,39.995925,-74.000043,142.9,18.69,3.14,26.5,49.6,10.5,38.9,0.4,-3.7
2026-06-26T10:59:25,DRONE-04,40.017523,-74.005039,162.1,19.13,3.3,18.2,63.7,15.7,302.7,3.5,3.5
2026-06-26T10:59:30,DRONE-01,40.004974,-74.011794,152.2,20.13,4.73,12.6,51.7,10.9,67.5,0.4,4.6
2026-06-26T10:59:35,DRONE-01,39.999685,-74.001803,125.4,20.05,3.61,21.1,60.4,12.9,196.3,4.8,-3.7
2026-06-26T10:59:40,DRONE-03,40.003222,-73.998477,178.9,16.72,3.13,6.2,64.7,10.9,51.7,-3.1,0.1
2026-06-26T10:59:45,DRONE-05,39.987964,-74.006371,160.0,17.95,7.79,26.7,69.0,17.4,198.0,-2.4,7.0
2026-06-26T10:59:50,DRONE-05,40.009922,-74.020103,100.2,16.99,1.44,23.6,53.8,5.4,225.3,-1.0,4.8
2026-06-26T10:59:55,DRONE-01,39.984417,-74.009224,131.9,18.05,3.86,19.1,36.1,11.8,5.9,-2.7,2.7
2026-06-26T11:00:00,DRONE-05,39.998525,-73.970395,145.9,19.73,5.9,17.6,77.4,6.3,64.5,-3.2,-8.1
2026-06-26T11:00:05,DRONE-03,39.99402,-73.9961,109.4,18.15,5.22,11.9,52.7,19.2,184.2,0.7,-2.0
2026-06-26T11:00:10,DRONE-05,40.00931,-73.998394,111.8,18.26,5.1,19.1,54.2,18.0,128.0,8.1,-2.1
2026-06-26T11:00:15,DRONE-03,40.004017,-73.988862,105.5,17.83,2.71,19.0,51.7,7.6,120.2,13.5,2.2
2026-06-26T11:00:20,DRONE-05,40.003484,-73.991643,154.7,19.45,3.38,19.6,57.7,13.7,210.8,-0.8,4.5
2026-06-26T11:00:25,DRONE-04,40.00388,-73.994767,81.4,17.62,0.2,9.8,57.6,4.6,142.0,2.8,-1.9
2026-06-26T11:00:30,DRONE-01,40.016064,-73.996705,92.4,18.16,3.67,22.3,61.1,13.2,353.4,-6.7,3.2
2026-06-26T11:00:35,DRONE-01,39.998665,-74.002878,126.3,19.55,5.28,12.0,68.9,5.2,40.3,0.7,4.5
2026-06-26T11:00:40,DRONE-05,39.997703,-73.990163,118.7,19.26,6.37,14.1,48.0,17.6,243.4,8.9,12.0
2026-06-26T11:00:45,DRONE-01,40.010763,-73.973035,85.9,18.29,4.55,15.6,40.3,16.7,46.3,1.7,0.6
2026-06-26T11:00:50,DRONE-03,39.999561,-74.000857,151.3,17.64,1.04,25.1,44.7,5.9,162.8,6.6,1.8
2026-06-26T11:00:55,DRONE-01,39.983044,-73.979117,110.6,18.61,0.86,19.5,69.2,7.7,133.2,5.9,-4.6
2026-06-26T11:01:00,DRONE-04,40.002262,-74.000556,81.1,16.37,8.92,14.5,67.9,11.2,160.6,0.4,-7.7
2026-06-26T11:01:05,DRONE-02,40.003562,-74.007937,163.3,17.68,4.64,25.9,63.3,14.5,156.5,1.1,-1.8
2026-06-26T11:01:10,DRONE-05,40.020691,-73.979819,154.5,18.83,6.73,21.2,42.5,6.0,267.3,-1.4,9.6
2026-06-26T11:01:15,DRONE-02,40.004308,-74.005497,138.1,17.38,3.94,17.3,53.5,4.2,132.6,-6.1,3.6
2026-06-26T11:01:20,DRONE-01,39.995585,-74.002111,113.3,18.4,5.83,11.9,74.5,8.3,268.0,6.4,6.5
2026-06-26T11:01:25,DRONE-02,39.995528,-74.022094,143.7,19.09,5.17,16.9,62.1,12.0,252.9,-4.6,2.4
2026-06-26T11:01:30,DRONE-03,40.011316,-74.007031,92.1,17.05,0.66,16.1,47.3,8.6,249.2,-4.3,5.5
2026-06-26T11:01:35,DRONE-02,40.001293,-73.98911,120.7,18.95,2.88,11.2,53.0,10.1,61.9,-0.8,0.9
2026-06-26T11:01:40,DRONE-01,40.013116,-74.01298,118.0,18.74,4.57,16.4,58.8,13.2,28.1,-1.9,-2.5
2026-06-26T11:01:45,DRONE-05,39.986378,-74.011718,161.9,18.61,3.16,14.1,70.9,7.0,74.6,0.4,-9.6
2026-06-26T11:01:50,DRONE-05,40.01634,-73.988053,135.0,17.94,5.3,17.1,65.7,17.0,159.9,-9.0,-3.1
2026-06-26T11:01:55,DRONE-04,40.003064,-74.007306,66.5,19.2,4.11,21.8,49.5,8.6,198.9,1.2,-11.7
2026-06-26T11:02:00,DRONE-02,39.982396,-74.02104,82.1,19.54,5.44,11.9,58.6,13.9,45.2,1.5,7.5
2026-06-26T11:02:05,DRONE-01,40.006965,-74.003227,119.0,19.54,1.48,15.9,51.1,12.1,150.7,0.0,-4.5
2026-06-26T11:02:10,DRONE-05,40.012538,-73.991938,53.2,18.11,2.87,25.5,78.3,18.4,328.2,-0.4,-4.3
2026-06-26T11:02:15,DRONE-03,39.994598,-73.986568,159.7,13.37,3.87,21.0,52.9,18.3,70.0,-1.8,-0.4
2026-06-26T11:02:20,DRONE-02,39.999365,-74.000725,99.6,18.05,1.47,19.2,57.6,15.7,131.4,3.5,0.4
2026-06-26T11:02:25,DRONE-01,40.02262,-74.004911,114.3,20.37,4.7,15.7,40.3,15.6,64.7,10.3,6.9
2026-06-26T11:02:30,DRONE-02,39.978437,-73.999941,100.5,16.14,3.28,22.1,70.8,18.5,319.9,-7.9,-0.2
2026-06-26T11:02:35,DRONE-04,40.008411,-74.006233,103.1,17.82,6.79,24.2,45.4,10.0,85.2,2.8,-10.0
2026-06-26T11:02:40,DRONE-01,40.005602,-74.006534,94.2,17.32,3.57,21.4,38.2,20.8,221.8,-0.6,-10.2
2026-06-26T11:02:45,DRONE-05,40.009426,-74.004038,74.5,16.79,0.2,16.0,42.4,12.6,89.5,2.2,7.3
2026-06-26T11:02:50,DRONE-02,40.004319,-74.005002,129.1,15.64,3.32,25.7,60.6,18.4,240.1,11.5,-16.1
2026-06-26T11:02:55,DRONE-04,40.018995,-74.007841,128.2,18.01,5.37,25.2,65.2,12.6,211.2,2.0,-4.6
2026-06-26T11:03:00,DRONE-03,40.006014,-74.001898,77.4,19.57,5.65,20.0,51.4,12.0,314.8,-1.8,6.3
2026-06-26T11:03:05,DRONE-03,40.015134,-73.997743,83.0,17.4,2.19,20.2,58.0,16.5,142.0,-1.1,1.8
2026-06-26T11:03:10,DRONE-05,40.019931,-73.999996,125.8,18.3,3.17,13.7,53.5,5.6,78.7,-1.9,1.2
2026-06-26T11:03:15,DRONE-02,39.999021,-74.004776,134.5,16.92,2.25,21.5,75.1,13.9,119.5,1.5,3.7
2026-06-26T11:03:20,DRONE-04,39.991953,-74.015907,119.9,18.55,2.5,19.3,40.3,11.3,102.6,-0.6,3.9
2026-06-26T11:03:25,DRONE-03,39.984385,-74.02153,140.4,19.65,0.77,23.2,56.6,15.4,183.8,3.5,-2.0
2026-06-26T11:03:30,DRONE-03,40.014018,-73.996055,135.7,17.0,3.03,17.8,37.4,9.1,334.6,-2.7,-2.6
2026-06-26T11:03:35,DRONE-04,40.002549,-74.002144,156.5,19.25,4.9,24.0,59.6,12.9,158.7,4.3,3.9
2026-06-26T11:03:40,DRONE-04,39.99672,-73.997827,82.8,19.62,3.43,18.1,70.6,11.7,101.9,5.2,9.1
2026-06-26T11:03:45,DRONE-02,40.008707,-73.993706,116.2,18.2,4.11,17.6,57.2,9.2,196.4,-7.3,3.9
2026-06-26T11:03:50,DRONE-02,39.996114,-73.968092,68.7,19.08,2.28,16.2,58.5,21.6,338.7,1.3,6.2
2026-06-26T11:03:55,DRONE-04,40.00451,-73.996087,96.5,19.02,6.78,23.7,65.4,16.0,194.3,-9.6,-9.4
2026-06-26T11:04:00,DRONE-05,40.004304,-73.993545,91.8,19.64,3.54,11.3,59.9,11.9,11.9,8.5,-1.1
2026-06-26T11:04:05,DRONE-03,40.00028,-74.00203,147.8,18.93,4.47,22.7,65.3,14.7,11.3,-5.6,-2.3
2026-06-26T11:04:10,DRONE-03,40.000444,-74.00192,122.2,18.56,2.57,18.7,62.2,13.0,114.4,-6.9,6.2
2026-06-26T11:04:15,DRONE-03,39.990339,-73.987685,115.4,17.13,4.38,26.7,59.5,15.9,338.1,-8.6,3.9
2026-06-26T11:04:20,DRONE-01,39.999234,-73.983775,158.4,18.64,3.26,16.5,47.4,10.6,222.7,2.5,-2.9
2026-06-26T11:04:25,DRONE-03,40.002857,-73.991974,82.8,18.19,5.76,12.9,51.2,10.2,119.9,-1.4,0.5
2026-06-26T11:04:30,DRONE-04,40.000718,-74.005564,98.7,19.95,5.0,26.0,46.5,10.4,66.4,-4.8,-1.6
2026-06-26T11:04:35,DRONE-04,39.99985,-74.00184,124.5,17.38,5.03,31.9,56.5,14.7,224.2,-10.9,-3.5
2026-06-26T11:04:40,DRONE-01,39.999768,-74.003758,325.9,17.9,4.6,23.5,69.3,10.9,218.3,1.7,-1.1
2026-06-26T11:04:45,DRONE-02,39.984659,-73.995768,107.0,20.3,1.19,17.7,48.9,12.9,252.2,-5.6,-7.0
2026-06-26T11:04:50,DRONE-03,39.996339,-73.994342,114.0,18.35,3.6,30.0,41.8,10.6,103.5,-1.0,1.4
2026-06-26T11:04:55,DRONE-04,40.016005,-73.99822,105.3,17.55,0.2,17.4,64.3,17.1,232.0,-9.3,3.5
2026-06-26T11:05:00,DRONE-05,39.995961,-73.979524,137.3,17.8,4.43,21.3,51.4,11.1,135.7,0.9,6.7
2026-06-26T11:05:05,DRONE-01,40.012213,-74.018916,108.4,17.72,2.07,19.3,63.9,13.7,59.3,-1.9,1.5
2026-06-26T11:05:10,DRONE-02,39.98966,-74.004915,143.1,18.79,3.89,18.6,62.3,9.6,238.4,3.6,3.6
2026-06-26T11:05:15,DRONE-05,39.995126,-74.0055,119.9,20.04,5.31,17.7,52.1,16.2,78.8,7.6,-1.7
2026-06-26T11:05:20,DRONE-05,40.001405,-74.015326,123.9,19.58,3.01,18.7,42.7,12.9,158.4,-1.6,-11.1
2026-06-26T11:05:25,DRONE-02,39.997041,-73.999823,151.6,16.43,0.63,20.1,44.6,11.7,169.9,1.1,3.6
2026-06-26T11:05:30,DRONE-04,40.009414,-74.008121,169.7,21.25,0.6,25.8,62.8,18.7,343.8,-4.9,-5.9
2026-06-26T11:05:35,DRONE-02,39.999023,-74.001436,146.2,17.95,2.43,26.6,52.9,14.4,239.3,-6.4,0.2
2026-06-26T11:05:40,DRONE-04,40.007644,-73.989122,130.4,19.52,7.93,23.2,47.2,15.7,67.9,-2.7,-2.5
2026-06-26T11:05:45,DRONE-05,40.002395,-74.018553,98.3,18.14,2.82,20.7,52.9,3.9,131.9,3.3,-2.9
2026-06-26T11:05:50,DRONE-05,39.991223,-74.018052,124.2,18.6,4.54,17.7,61.4,12.9,168.1,-1.6,1.6
2026-06-26T11:05:55,DRONE-02,40.000688,-74.00532,92.2,16.72,4.11,27.8,52.0,14.2,141.0,2.8,-0.6
2026-06-26T11:06:00,DRONE-01,40.014334,-73.997575,142.8,18.69,2.52,25.8,73.0,13.2,69.1,8.2,-1.3
2026-06-26T11:06:05,DRONE-05,39.989924,-73.997428,114.8,19.27,9.88,17.0,39.2,8.4,147.4,4.2,-1.6
2026-06-26T11:06:10,DRONE-05,40.011536,-74.007892,87.0,18.47,5.92,17.8,58.7,9.9,234.0,-2.4,-13.8
2026-06-26T11:06:15,DRONE-02,40.007025,-74.003642,137.4,17.42,2.2,20.0,46.9,8.4,57.6,-2.3,-3.4
2026-06-26T11:06:20,DRONE-02,39.977048,-73.979979,96.8,17.35,2.78,18.4,57.5,5.9,239.7,5.5,-4.7
2026-06-26T11:06:25,DRONE-02,40.027005,-73.985337,130.8,20.39,1.01,22.8,56.4,10.9,343.6,1.4,-7.4
2026-06-26T11:06:30,DRONE-05,40.006462,-73.986817,141.2,18.13,3.89,19.6,62.7,11.6,23.7,-2.0,6.6
2026-06-26T11:06:35,DRONE-05,40.000872,-73.993949,147.8,16.1,1.74,16.6,29.6,18.4,197.7,9.0,-3.9
2026-06-26T11:06:40,DRONE-04,39.991754,-74.001157,151.7,17.02,4.11,28.5,61.7,9.3,35.4,7.9,0.6
2026-06-26T11:06:45,DRONE-04,39.994342,-73.997418,138.7,18.35,2.48,25.9,60.1,8.5,85.2,0.2,10.7
2026-06-26T11:06:50,DRONE-03,39.999341,-73.998475,107.5,19.85,4.52,22.9,41.6,18.3,118.7,11.1,3.5
2026-06-26T11:06:55,DRONE-01,39.997768,-74.001368,142.3,17.84,4.51,24.7,75.6,14.7,236.4,7.0,-1.2
2026-06-26T11:07:00,DRONE-01,39.989796,-74.016587,94.9,19.2,6.72,23.7,79.1,8.7,334.2,-9.2,2.4
2026-06-26T11:07:05,DRONE-03,40.016196,-74.016914,139.6,22.0,6.42,21.0,56.3,16.9,12.6,-8.4,2.1
2026-06-26T11:07:10,DRONE-02,40.009242,-73.981316,131.9,21.87,5.0,16.7,46.1,11.7,51.3,1.2,-8.1
2026-06-26T11:07:15,DRONE-01,40.003827,-74.009352,76.7,19.35,5.49,14.7,46.6,9.9,53.6,-2.5,-1.2
2026-06-26T11:07:20,DRONE-04,39.984834,-73.988696,98.1,17.09,0.69,20.6,44.2,11.4,154.4,7.0,-1.6
2026-06-26T11:07:25,DRONE-03,40.010807,-74.015124,98.5,18.44,4.92,26.6,51.5,11.6,356.7,-1.4,3.4
2026-06-26T11:07:30,DRONE-01,39.996704,-74.002468,110.2,20.15,7.33,21.1,37.4,8.4,288.8,-0.7,5.9
2026-06-26T11:07:35,DRONE-03,40.009861,-74.027659,116.1,16.91,3.79,14.0,62.3,1.4,281.9,2.7,-2.3
2026-06-26T11:07:40,DRONE-01,40.006787,-74.002411,140.5,17.47,7.49,18.9,40.8,10.1,169.8,-1.1,10.1
2026-06-26T11:07:45,DRONE-03,39.997743,-74.001371,157.0,20.45,4.02,32.0,46.5,8.0,56.6,5.0,-2.9
2026-06-26T11:07:50,DRONE-05,40.007532,-73.990365,108.8,17.38,1.95,22.1,58.4,11.5,9.3,-3.9,-5.1
2026-06-26T11:07:55,DRONE-01,40.001322,-74.004917,100.6,18.55,2.99,16.3,67.6,8.2,33.7,1.1,-0.7
2026-06-26T11:08:00,DRONE-03,40.000651,-73.994436,73.3,18.42,4.41,20.9,61.0,12.9,315.2,10.7,4.9
2026-06-26T11:08:05,DRONE-05,39.986573,-74.002159,126.7,16.33,2.51,23.7,41.7,11.3,319.9,0.6,4.0
2026-06-26T11:08:10,DRONE-03,39.991804,-74.00958,135.7,16.78,2.1,22.4,50.7,20.1,53.0,0.1,-1.0
2026-06-26T11:08:15,DRONE-02,40.002087,-74.01769,88.2,17.91,3.42,15.0,61.9,6.2,45.0,-12.3,-8.3
2026-06-26T11:08:20,DRONE-04,39.982788,-74.007037,125.1,19.64,1.27,22.7,56.0,16.4,152.7,-2.2,1.1
2026-06-26T11:08:25,DRONE-04,39.999731,-74.014887,150.3,18.53,4.03,26.0,59.3,10.5,352.0,-3.4,-2.7
2026-06-26T11:08:30,DRONE-02,39.999348,-74.004505,75.3,18.87,1.96,19.0,66.8,7.7,43.1,8.3,11.6
2026-06-26T11:08:35,DRONE-05,39.986713,-73.997794,151.6,20.45,6.57,16.2,54.5,7.5,336.2,-4.0,10.6
2026-06-26T11:08:40,DRONE-01,40.010389,-73.987981,146.0,19.61,3.9,14.5,65.8,11.8,181.5,-11.7,1.1
2026-06-26T11:08:45,DRONE-01,40.00027,-74.017998,92.1,17.19,2.4,20.3,42.1,7.6,114.0,4.1,4.4
2026-06-26T11:08:50,DRONE-02,40.011528,-74.020064,80.1,19.47,0.2,15.0,62.2,2.2,209.1,5.6,-7.8
2026-06-26T11:08:55,DRONE-05,40.00405,-73.994884,143.1,18.82,0.69,19.5,55.6,14.1,133.2,-1.3,7.0
2026-06-26T11:09:00,DRONE-04,39.996513,-73.981571,141.5,17.37,4.3,18.5,76.7,9.2,23.9,1.5,-3.2
2026-06-26T11:09:05,DRONE-03,39.999992,-73.997147,133.5,19.75,1.75,22.8,71.4,10.4,222.0,6.9,-1.7
2026-06-26T11:09:10,DRONE-03,39.997081,-73.995154,84.6,11.05,3.78,13.1,60.9,13.1,150.9,-5.3,3.2
2026-06-26T11:09:15,DRONE-02,40.005654,-74.014214,149.9,18.27,2.31,21.2,45.4,15.7,255.0,-1.2,-7.9
2026-06-26T11:09:20,DRONE-04,40.002436,-74.007175,136.0,16.8,1.54,22.6,72.5,16.0,332.3,-4.8,2.1
2026-06-26T11:09:25,DRONE-01,40.017712,-73.989437,105.8,17.06,3.16,25.6,37.3,15.4,123.2,-2.4,0.8
2026-06-26T11:09:30,DRONE-05,40.006574,-73.992638,93.5,17.15,4.75,17.1,60.6,11.1,234.2,3.1,-1.4
2026-06-26T11:09:35,DRONE-05,39.990229,-74.002783,84.2,18.0,5.07,24.8,40.5,6.3,13.6,-7.7,-5.2
2026-06-26T11:09:40,DRONE-03,40.002359,-74.001531,90.4,17.8,5.24,30.5,67.6,15.1,276.4,0.1,3.2
2026-06-26T11:09:45,DRONE-04,40.000424,-73.979435,121.8,17.44,2.64,13.7,53.9,16.0,85.3,-2.7,4.5
2026-06-26T11:09:50,DRONE-04,40.017076,-73.992966,106.5,18.44,2.06,21.2,57.5,8.4,232.8,-1.2,12.7
2026-06-26T11:09:55,DRONE-05,39.98339,-74.012105,109.9,19.12,4.49,25.8,46.4,8.1,66.6,1.3,1.8
2026-06-26T11:10:00,DRONE-04,39.990357,-74.009778,126.6,20.4,1.49,21.0,59.7,6.9,338.0,4.1,7.4
2026-06-26T11:10:05,DRONE-05,40.007845,-74.009945,128.9,18.88,4.13,19.0,56.5,15.1,250.5,-3.9,2.0
2026-06-26T11:10:10,DRONE-04,39.988122,-73.997161,128.2,17.93,5.37,15.0,53.7,14.1,255.5,5.1,4.9
2026-06-26T11:10:15,DRONE-03,39.978158,-73.995982,118.3,20.26,5.89,14.3,75.3,12.5,282.5,-11.2,10.2
2026-06-26T11:10:20,DRONE-04,40.000076,-74.006197,136.1,19.23,4.15,24.6,60.8,5.8,264.9,-0.6,2.5
2026-06-26T11:10:25,DRONE-03,40.002719,-74.001541,145.9,19.26,2.11,20.1,80.2,7.7,201.6,7.6,8.4
2026-06-26T11:10:30,DRONE-01,39.99753,-73.99448,146.8,20.27,3.47,11.9,54.3,16.5,239.0,5.8,-3.0
2026-06-26T11:10:35,DRONE-04,40.006319,-74.00172,174.5,19.44,2.73,21.6,44.7,10.7,198.1,2.6,-5.9
2026-06-26T11:10:40,DRONE-05,39.995637,-73.99417,82.5,17.55,5.92,16.3,55.5,8.9,328.1,-8.1,2.7
2026-06-26T11:10:45,DRONE-01,39.991046,-73.996985,172.7,18.49,3.45,17.7,64.4,12.7,285.1,3.5,11.2
2026-06-26T11:10:50,DRONE-01,39.996391,-74.009994,106.3,20.14,5.98,17.5,57.5,5.6,10.9,-2.0,5.8
2026-06-26T11:10:55,DRONE-04,39.995714,-73.989162,101.0,20.78,5.84,18.5,56.1,10.3,82.5,3.8,-3.5
2026-06-26T11:11:00,DRONE-04,39.994142,-74.010647,103.8,15.99,3.87,17.0,58.2,11.2,10.2,6.4,1.1
2026-06-26T11:11:05,DRONE-03,40.010863,-73.990205,130.5,18.79,4.34,24.1,43.5,15.9,164.2,4.4,6.5
2026-06-26T11:11:10,DRONE-03,39.99282,-73.982032,138.8,18.87,11.31,21.6,55.7,23.2,261.5,5.7,-8.9
2026-06-26T11:11:15,DRONE-02,40.005893,-73.995362,144.7,17.29,1.32,17.9,46.3,10.9,357.7,8.3,2.7
2026-06-26T11:11:20,DRONE-01,39.997454,-73.984914,99.8,18.34,5.04,18.2,53.5,17.2,63.0,-3.5,0.9
2026-06-26T11:11:25,DRONE-02,39.999322,-74.009962,135.9,21.44,3.59,24.9,54.3,7.9,303.0,0.6,-4.2
2026-06-26T11:11:30,DRONE-04,39.993531,-73.987317,90.2,20.95,2.75,24.0,54.9,4.6,19.3,0.5,-2.3
2026-06-26T11:11:35,DRONE-01,39.996488,-73.994448,89.7,17.34,0.77,16.7,59.1,9.2,98.9,-5.4,-5.4
2026-06-26T11:11:40,DRONE-05,39.999218,-74.012092,134.4,18.94,2.94,20.5,63.7,14.9,241.6,3.8,-0.6
2026-06-26T11:11:45,DRONE-04,40.012749,-73.990842,97.2,19.52,4.97,35.1,58.6,14.8,57.3,-1.1,4.2
2026-06-26T11:11:50,DRONE-02,39.990865,-73.977954,93.1,18.3,1.98,14.8,64.4,16.8,125.7,8.4,-1.4
2026-06-26T11:11:55,DRONE-05,39.988467,-74.007671,146.6,16.35,2.43,19.2,54.0,11.4,51.1,-4.8,4.4
2026-06-26T11:12:00,DRONE-04,40.001463,-73.984627,110.8,20.87,3.03,25.8,47.0,13.7,292.7,3.9,8.1
2026-06-26T11:12:05,DRONE-05,39.998605,-74.006755,84.5,18.42,2.89,22.0,43.6,8.3,30.8,-3.4,0.4
2026-06-26T11:12:10,DRONE-01,39.998205,-73.982399,121.0,18.17,3.64,25.8,61.9,12.5,356.7,5.5,3.0
2026-06-26T11:12:15,DRONE-02,40.00072,-74.01211,147.1,17.86,0.87,21.4,56.1,11.1,321.6,4.9,0.8
2026-06-26T11:12:20,DRONE-05,39.987777,-73.991782,114.3,19.02,1.06,25.9,72.2,10.6,77.4,-2.9,-1.7
2026-06-26T11:12:25,DRONE-03,40.002931,-74.002075,102.2,17.78,2.89,19.6,74.5,10.2,240.3,3.3,8.6
2026-06-26T11:12:30,DRONE-05,40.011959,-74.008247,108.4,19.12,5.8,20.3,44.2,9.8,62.8,3.3,4.4
2026-06-26T11:12:35,DRONE-04,40.002737,-73.995583,107.8,17.81,0.2,22.5,52.8,13.0,195.3,-8.9,4.5
2026-06-26T11:12:40,DRONE-02,39.993318,-73.99697,127.6,17.62,3.61,17.5,42.8,7.6,320.9,0.9,8.4
2026-06-26T11:12:45,DRONE-05,39.999064,-73.998164,277.8,17.94,5.67,19.6,54.5,12.6,149.1,-7.1,1.4
2026-06-26T11:12:50,DRONE-05,39.994615,-73.992889,114.8,17.36,1.33,15.9,46.0,13.0,154.1,-0.1,9.2
2026-06-26T11:12:55,DRONE-01,40.002789,-74.000525,88.3,18.39,3.34,18.5,67.6,12.5,20.3,-7.5,3.4
2026-06-26T11:13:00,DRONE-01,39.993092,-73.999239,143.9,17.58,4.03,28.6,49.1,7.6,48.3,-0.9,-9.5
2026-06-26T11:13:05,DRONE-03,39.979382,-74.001162,124.0,17.3,2.63,19.6,68.2,12.3,356.0,-6.9,-0.8
2026-06-26T11:13:10,DRONE-03,39.997879,-73.988972,140.9,17.07,5.68,24.0,82.4,10.0,142.8,-4.6,4.0
2026-06-26T11:13:15,DRONE-05,39.986996,-73.984849,120.9,17.67,1.2,15.7,54.1,17.6,339.0,-1.4,-8.2
2026-06-26T11:13:20,DRONE-02,40.008163,-74.007071,90.0,18.68,2.49,24.7,47.7,8.9,238.3,7.4,10.4
2026-06-26T11:13:25,DRONE-01,39.990439,-73.997033,69.0,18.63,5.25,16.7,65.4,5.9,165.3,1.8,1.4
2026-06-26T11:13:30,DRONE-04,39.988375,-74.019767,143.5,19.37,4.92,28.7,65.6,10.9,310.9,-0.9,1.9
2026-06-26T11:13:35,DRONE-03,40.003196,-74.010895,93.9,18.98,3.95,19.7,57.6,11.0,39.9,-3.0,-6.1
2026-06-26T11:13:40,DRONE-04,39.9925,-73.996021,111.0,17.89,4.97,13.8,52.1,12.0,301.3,-5.7,10.6
2026-06-26T11:13:45,DRONE-03,40.003845,-74.000899,132.3,19.55,3.31,14.8,54.9,14.0,105.8,-11.0,-0.7
2026-06-26T11:13:50,DRONE-04,40.011171,-73.974527,92.5,17.68,1.86,23.2,56.2,13.0,96.4,3.7,3.2
2026-06-26T11:13:55,DRONE-01,40.013448,-74.007985,173.5,19.14,4.21,16.7,49.4,15.8,315.6,0.4,11.5
2026-06-26T11:14:00,DRONE-05,39.999502,-74.007925,135.7,18.33,2.27,19.8,61.1,12.6,48.7,-5.9,3.3
2026-06-26T11:14:05,DRONE-05,40.001857,-74.013013,117.7,18.1,4.97,14.0,40.1,9.9,54.7,-6.0,0.9
2026-06-26T11:14:10,DRONE-02,40.007851,-74.007123,121.0,20.41,2.8,20.8,43.9,16.5,308.2,-12.5,-2.8
2026-06-26T11:14:15,DRONE-01,39.99546,-73.987096,71.9,17.98,5.73,21.2,65.8,11.2,262.4,1.4,-2.0
2026-06-26T11:14:20,DRONE-02,40.001505,-73.997448,149.8,18.36,4.51,24.8,56.1,21.1,150.9,5.0,8.4
2026-06-26T11:14:25,DRONE-01,40.004789,-74.006244,171.6,19.85,4.43,37.5,48.5,15.3,160.5,-6.1,1.0
2026-06-26T11:14:30,DRONE-03,39.990057,-73.991869,98.3,18.88,2.05,14.4,48.8,9.8,243.2,-3.3,-1.7
2026-06-26T11:14:35,DRONE-01,39.988139,-74.000449,150.2,17.85,4.59,27.1,60.1,12.1,305.6,-1.1,-7.0
2026-06-26T11:14:40,DRONE-01,40.004481,-73.987683,123.7,20.08,4.57,21.5,59.3,18.7,50.6,9.7,5.0
2026-06-26T11:14:45,DRONE-04,39.996625,-74.004692,110.9,18.77,4.71,20.9,78.6,8.4,283.8,-2.2,-3.1
2026-06-26T11:14:50,DRONE-03,40.004023,-74.020697,77.3,19.16,3.45,25.4,50.7,11.4,264.3,-3.9,1.5
2026-06-26T11:14:55,DRONE-04,40.000425,-74.001794,130.0,20.37,0.37,24.1,37.6,12.2,323.6,6.3,0.5
2026-06-26T11:15:00,DRONE-02,40.012441,-73.993683,90.2,17.73,5.8,18.6,40.7,10.9,197.6,2.7,4.3
2026-06-26T11:15:05,DRONE-05,40.005629,-74.011397,148.5,20.05,1.38,18.7,71.5,14.0,116.5,-1.1,-3.4
2026-06-26T11:15:10,DRONE-03,39.99939,-74.001244,98.0,17.47,3.16,28.1,35.3,17.0,238.5,6.3,-9.1
2026-06-26T11:15:15,DRONE-05,39.998093,-73.982297,155.2,17.36,2.07,20.2,56.8,9.6,53.4,3.7,7.1
2026-06-26T11:15:20,DRONE-05,39.986648,-73.982987,78.8,18.5,0.2,18.3,57.9,13.1,134.4,-6.6,0.8
2026-06-26T11:15:25,DRONE-05,39.993114,-74.001321,75.2,18.57,4.73,25.5,60.6,14.6,43.4,-3.6,4.8
2026-06-26T11:15:30,DRONE-01,40.001862,-74.004471,122.5,18.22,4.67,11.1,74.5,6.5,144.0,0.3,1.6
2026-06-26T11:15:35,DRONE-04,39.984002,-73.997557,126.9,18.54,3.57,24.0,39.0,14.4,86.2,-3.2,-6.4
2026-06-26T11:15:40,DRONE-05,40.001003,-74.004812,130.5,16.9,2.85,22.9,48.5,14.4,167.0,-6.5,-1.9
2026-06-26T11:15:45,DRONE-04,40.009687,-74.000015,99.9,17.74,3.17,22.4,53.6,12.5,342.7,6.7,6.6
2026-06-26T11:15:50,DRONE-01,40.002528,-74.004691,130.4,18.33,4.1,18.4,50.0,11.2,157.6,-1.7,-2.1
2026-06-26T11:15:55,DRONE-01,40.001662,-73.999587,113.7,18.92,4.07,20.8,59.4,9.9,146.1,6.7,3.3
2026-06-26T11:16:00,DRONE-03,40.007465,-73.990101,170.3,18.62,0.2,14.3,53.3,18.3,9.3,4.5,1.5
2026-06-26T11:16:05,DRONE-01,40.004015,-74.003877,59.9,12.45,2.96,22.5,57.1,15.5,183.5,4.7,-3.1
2026-06-26T11:16:10,DRONE-04,39.987504,-73.986739,161.3,17.44,7.3,12.7,75.8,11.1,80.4,-5.0,0.9
2026-06-26T11:16:15,DRONE-01,39.997037,-73.98345,129.7,16.54,9.13,20.0,54.1,13.2,11.5,-4.3,6.3
2026-06-26T11:16:20,DRONE-05,40.001872,-74.001454,114.8,18.84,3.73,18.3,52.8,11.7,234.0,-2.0,-2.2
2026-06-26T11:16:25,DRONE-04,40.009201,-74.008802,122.5,18.04,5.3,16.3,69.5,13.5,218.8,-6.4,-2.3
2026-06-26T11:16:30,DRONE-04,39.987879,-73.99586,152.3,17.3,2.96,19.9,72.0,13.3,147.2,-11.1,-3.1
2026-06-26T11:16:35,DRONE-05,40.001843,-73.992951,142.9,18.4,3.65,20.7,53.3,16.0,249.3,3.8,-1.1
2026-06-26T11:16:40,DRONE-02,40.004477,-74.003671,141.1,18.13,5.36,18.4,43.1,12.9,260.3,-3.9,-1.2
2026-06-26T11:16:45,DRONE-02,39.994141,-73.992564,120.6,19.94,2.54,18.1,58.3,11.5,315.2,-1.5,2.0
2026-06-26T11:16:50,DRONE-05,39.991215,-74.004734,104.5,18.42,3.68,17.1,73.5,14.4,124.5,-3.7,-0.8
2026-06-26T11:16:55,DRONE-04,39.999419,-74.013052,100.2,17.68,4.04,19.3,61.1,9.3,263.6,3.2,5.7
2026-06-26T11:17:00,DRONE-03,40.004695,-73.982395,98.7,17.45,1.39,19.5,57.8,2.8,221.5,-0.6,1.7
2026-06-26T11:17:05,DRONE-05,39.980471,-74.003475,102.2,19.26,4.02,29.7,56.2,12.9,29.8,-5.7,-1.8
2026-06-26T11:17:10,DRONE-02,39.991806,-74.003347,127.2,18.02,5.34,18.2,60.2,21.1,95.9,0.0,6.1
2026-06-26T11:17:15,DRONE-05,39.982063,-74.002931,121.3,21.35,3.24,26.9,40.2,8.6,219.0,-1.7,6.3
2026-06-26T11:17:20,DRONE-01,39.994541,-74.000334,107.7,18.27,3.79,21.6,32.5,6.4,108.7,5.3,5.4
2026-06-26T11:17:25,DRONE-01,40.003814,-73.99578,155.1,17.77,4.29,23.6,47.2,13.2,151.9,-6.3,-4.6
2026-06-26T11:17:30,DRONE-01,39.995922,-74.005531,97.3,17.53,2.79,15.9,42.7,9.6,353.4,-2.9,9.0
2026-06-26T11:17:35,DRONE-02,40.002695,-73.977949,85.0,16.93,1.49,29.8,23.0,11.4,189.9,-8.2,4.1
2026-06-26T11:17:40,DRONE-05,39.994454,-74.003668,110.2,17.64,3.06,20.8,57.1,9.8,169.3,2.3,0.9
2026-06-26T11:17:45,DRONE-04,40.00233,-74.013165,136.8,17.43,6.19,23.1,63.8,8.4,331.0,-1.0,-3.8
2026-06-26T11:17:50,DRONE-04,40.001607,-73.987996,111.3,19.73,1.58,23.0,59.8,10.8,34.7,-6.0,5.4
2026-06-26T11:17:55,DRONE-02,39.987041,-73.992197,172.0,19.22,2.56,20.0,37.4,18.7,204.6,-1.4,6.0
2026-06-26T11:18:00,DRONE-02,40.004011,-74.012553,151.9,17.82,6.72,12.0,65.7,8.7,118.7,2.4,-10.5
2026-06-26T11:18:05,DRONE-04,40.010573,-73.981219,143.1,20.51,2.36,11.5,58.6,9.7,73.8,-1.0,-0.2
2026-06-26T11:18:10,DRONE-05,39.996347,-73.990474,145.1,18.11,6.29,20.1,61.6,10.6,58.1,-3.2,-9.2
2026-06-26T11:18:15,DRONE-03,39.991356,-73.981639,140.3,17.93,1.34,23.0,51.1,11.1,324.4,-1.1,-2.9
2026-06-26T11:18:20,DRONE-01,39.995325,-73.990277,57.2,21.47,1.62,15.4,44.6,9.7,257.0,-3.0,-6.7
2026-06-26T11:18:25,DRONE-01,39.996379,-74.016618,135.0,19.38,4.01,17.9,44.5,11.8,332.8,0.5,4.6
2026-06-26T11:18:30,DRONE-05,39.995703,-74.00454,104.1,17.73,4.33,19.6,53.6,17.6,52.4,7.7,-6.1
2026-06-26T11:18:35,DRONE-05,39.994158,-73.985826,71.9,16.64,4.17,22.0,37.1,7.8,350.3,7.3,-3.0
2026-06-26T11:18:40,DRONE-05,39.998033,-73.996438,119.7,18.48,0.2,24.4,49.5,4.8,131.7,2.9,7.8
2026-06-26T11:18:45,DRONE-04,40.005178,-73.998224,173.1,18.66,2.12,24.5,72.1,10.3,145.4,3.0,0.2
2026-06-26T11:18:50,DRONE-04,40.012106,-73.997649,129.7,17.32,4.08,16.7,51.7,8.4,159.4,-2.6,-4.7
2026-06-26T11:18:55,DRONE-05,39.995549,-74.001508,142.1,20.19,2.82,11.4,65.5,14.4,76.1,4.6,2.9
2026-06-26T11:19:00,DRONE-03,39.996429,-74.01252,82.5,19.17,1.47,18.7,56.2,17.9,53.6,-1.4,4.1
2026-06-26T11:19:05,DRONE-01,39.994766,-74.002892,79.9,18.53,4.16,13.9,56.0,12.0,12.4,-1.6,0.9
2026-06-26T11:19:10,DRONE-05,40.003039,-73.997265,111.7,17.71,4.64,19.4,54.0,7.3,156.3,-5.6,0.3
2026-06-26T11:19:15,DRONE-02,40.011071,-73.997257,121.8,20.62,6.55,20.9,66.2,10.9,63.2,4.7,2.8
2026-06-26T11:19:20,DRONE-04,40.004851,-74.005127,75.2,16.99,2.64,23.4,61.3,8.7,341.5,-3.2,4.4
2026-06-26T11:19:25,DRONE-02,40.004029,-73.968657,125.6,19.11,6.05,14.6,58.0,7.5,42.1,-1.7,-0.9
2026-06-26T11:19:30,DRONE-01,40.011504,-73.992544,116.8,16.84,2.32,15.5,42.9,19.9,317.1,-4.6,-3.7
2026-06-26T11:19:35,DRONE-05,39.984679,-73.995462,168.2,16.46,4.71,15.2,43.7,17.0,126.6,-1.6,-3.0
2026-06-26T11:19:40,DRONE-05,39.989105,-73.994217,121.4,19.91,3.93,20.7,45.3,8.3,107.3,1.9,-4.8
2026-06-26T11:19:45,DRONE-04,40.002377,-74.00906,159.1,17.44,0.98,14.4,43.8,14.2,337.3,10.5,3.1
2026-06-26T11:19:50,DRONE-05,39.997392,-73.986577,156.2,18.02,6.02,17.6,45.5,10.3,241.1,-2.9,-5.7
2026-06-26T11:19:55,DRONE-04,40.017119,-74.001419,144.7,18.34,7.0,26.5,66.4,9.4,136.1,6.3,-4.0
2026-06-26T11:20:00,DRONE-05,40.004649,-74.007056,147.1,19.97,6.71,26.2,51.9,11.7,329.7,7.3,6.1
2026-06-26T11:20:05,DRONE-04,39.997516,-73.999196,125.0,20.19,4.08,15.1,65.6,16.5,259.0,-5.4,-1.0
2026-06-26T11:20:10,DRONE-02,40.00664,-73.987281,150.3,18.65,1.93,23.6,61.8,20.9,297.0,3.4,-3.7
2026-06-26T11:20:15,DRONE-02,39.994302,-73.984083,135.2,19.43,3.15,24.6,50.2,11.9,286.9,7.6,4.9
2026-06-26T11:20:20,DRONE-02,40.004657,-74.011036,148.9,19.21,4.45,20.8,46.3,13.7,332.7,1.6,-3.2
2026-06-26T11:20:25,DRONE-05,39.990123,-74.003301,82.9,16.78,2.85,21.8,55.8,12.0,38.7,1.1,-4.3
2026-06-26T11:20:30,DRONE-05,40.01087,-74.010182,111.2,20.01,7.72,27.6,75.8,11.7,302.1,-2.6,1.7
2026-06-26T11:20:35,DRONE-05,40.009056,-73.995154,86.5,16.91,3.03,27.3,55.4,9.4,279.6,0.3,2.8
2026-06-26T11:20:40,DRONE-01,40.009723,-73.985785,136.0,19.6,2.34,17.5,69.4,11.0,2.4,-3.4,4.4
2026-06-26T11:20:45,DRONE-02,39.996755,-73.996877,120.9,18.7,0.2,19.5,51.1,17.8,184.5,3.8,-0.6
2026-06-26T11:20:50,DRONE-03,39.985574,-73.997351,372.9,18.87,3.21,24.0,47.3,12.3,262.2,9.6,-0.4
2026-06-26T11:20:55,DRONE-02,40.003039,-74.009119,131.5,16.6,5.6,17.4,57.0,19.0,296.3,-4.3,-4.5
2026-06-26T11:21:00,DRONE-04,39.989969,-74.001951,163.9,18.25,0.97,12.5,59.5,9.4,199.8,-2.1,5.1
2026-06-26T11:21:05,DRONE-04,39.989952,-73.998016,121.5,16.64,3.12,23.5,47.5,10.9,269.3,1.6,-4.3
2026-06-26T11:21:10,DRONE-03,40.002244,-74.006949,139.5,16.94,3.64,7.8,61.5,3.6,302.8,0.2,-4.0
2026-06-26T11:21:15,DRONE-05,39.987275,-73.988752,125.0,16.61,0.2,11.3,46.6,20.3,77.9,1.0,-0.7
2026-06-26T11:21:20,DRONE-05,40.00397,-73.987415,104.1,19.5,9.74,22.4,85,11.3,2.9,-2.1,10.8
2026-06-26T11:21:25,DRONE-05,39.997532,-73.996629,143.2,18.6,4.47,15.0,62.7,10.9,264.0,3.4,1.4
2026-06-26T11:21:30,DRONE-04,39.999819,-73.996115,107.9,19.36,1.51,24.4,67.9,13.6,153.1,-4.1,4.2
2026-06-26T11:21:35,DRONE-03,39.994907,-74.012723,170.3,16.67,4.92,20.7,59.5,11.6,174.9,-1.4,-2.3
2026-06-26T11:21:40,DRONE-03,40.009124,-73.996447,138.8,17.65,3.64,16.5,63.4,6.4,91.2,-0.4,3.2
2026-06-26T11:21:45,DRONE-03,40.017358,-73.995265,144.9,16.96,5.75,13.0,62.6,6.8,78.5,-0.4,3.0
2026-06-26T11:21:50,DRONE-02,40.002896,-74.011013,93.9,20.39,2.34,9.0,55.6,10.4,18.9,-5.0,3.1
2026-06-26T11:21:55,DRONE-04,40.004066,-73.987904,117.4,19.55,3.25,22.8,52.1,15.6,213.4,-5.7,2.6
2026-06-26T11:22:00,DRONE-05,39.985285,-74.006284,160.5,17.0,3.71,23.2,30.8,9.1,176.6,-2.2,4.4
2026-06-26T11:22:05,DRONE-03,40.005935,-74.011633,176.9,17.57,4.21,15.0,42.6,12.9,344.9,-8.2,2.0
2026-06-26T11:22:10,DRONE-02,40.016251,-74.01098,124.6,18.27,3.13,20.3,38.9,11.0,47.0,-6.3,-2.2
2026-06-26T11:22:15,DRONE-01,40.007574,-73.999741,153.4,17.95,3.71,24.6,52.7,10.8,212.2,3.8,2.4
2026-06-26T11:22:20,DRONE-01,39.999771,-74.005448,106.6,15.09,3.89,23.4,43.3,12.6,303.8,-3.1,-4.2
2026-06-26T11:22:25,DRONE-05,40.012415,-73.986992,159.3,18.17,0.95,14.4,61.7,9.5,353.7,-1.1,3.6
2026-06-26T11:22:30,DRONE-01,39.993619,-74.005433,115.7,17.23,0.83,13.5,71.7,10.3,278.0,2.4,-2.8
2026-06-26T11:22:35,DRONE-01,39.995564,-74.025167,120.5,16.99,3.05,22.3,59.1,14.2,135.0,-14.1,4.8
2026-06-26T11:22:40,DRONE-04,40.004841,-74.004248,114.5,17.71,4.7,26.5,48.3,16.5,32.3,-5.3,3.2
2026-06-26T11:22:45,DRONE-05,39.997406,-73.995085,149.7,18.28,5.11,25.1,68.9,16.1,55.5,-1.6,1.8
2026-06-26T11:22:50,DRONE-02,40.0119,-73.99135,135.2,20.37,6.24,24.4,36.3,12.6,37.2,-9.5,8.0
2026-06-26T11:22:55,DRONE-02,40.007825,-73.984219,108.1,18.77,3.47,25.8,46.5,16.2,92.0,-0.0,-8.7
2026-06-26T11:23:00,DRONE-01,40.001133,-74.002601,133.5,13.2,3.48,24.4,48.2,14.3,58.2,3.4,2.4
2026-06-26T11:23:05,DRONE-01,40.023104,-74.004182,108.6,16.7,0.98,29.8,42.4,15.7,11.1,-5.7,1.0
2026-06-26T11:23:10,DRONE-01,39.999429,-74.010772,91.8,20.39,2.95,21.5,49.0,7.8,177.9,-0.9,1.8
2026-06-26T11:23:15,DRONE-03,39.994634,-73.986341,80.9,19.91,0.2,23.5,46.4,10.4,263.8,0.9,-3.2
